warning: --using-file is deprecated. This is now the default.
warning: --using-file is deprecated. This is now the default.
warning: --using-file is deprecated. This is now the default.
$ node scripts/require-shifu.mjs dist && pnpm --filter @kungfu-tech/product-kungfu run dist
$ node scripts/dist.mjs
[buildchain] info product.dist.start
[buildchain] info product.kfx.discover.start
[buildchain] info product.kfx.discover.end
[product] declared kfx dependencies: 17
[buildchain] info product.kfx.dependencies.declared
[buildchain] info product.dependencies.sync.start

[product] sync dependencies
[product] $ pnpm install --frozen-lockfile --no-optional
Scope: all 30 workspace projects
Already up to date
Done in 242ms using pnpm v11.7.0
[buildchain] info product.dependencies.sync.end
[buildchain] info product.libnode.platform.install.start

[product] install libnode platform package
[product] $ npm install --no-save --package-lock=false --ignore-scripts --prefer-offline --prefix /Users/dkr/Worktrees/kungfu/review/codex/layer-gate-budget-macos-authoritative/.buildchain/libnode-platform/darwin-arm64 @kungfu-tech/libnode-darwin-arm64@22.22.3-kf.3-alpha.16

added 1 package in 617ms
[buildchain] info product.libnode.platform.install.end
[buildchain] info product.libnode.platform.ready
[buildchain] info product.rollup.platform.install.start

[product] install rollup platform package
[product] $ npm install --no-save --package-lock=false --ignore-scripts --prefer-offline --prefix /Users/dkr/Worktrees/kungfu/review/codex/layer-gate-budget-macos-authoritative/.buildchain/rollup-platform/darwin-arm64 @rollup/rollup-darwin-arm64@4.62.2

added 1 package in 209ms
[buildchain] info product.rollup.platform.install.end
[buildchain] info product.rollup.platform.ready
[buildchain] info product.esbuild.sdk.platform.install.start

[product] install esbuild.sdk platform package
[product] $ npm install --no-save --package-lock=false --ignore-scripts --prefer-offline --prefix /Users/dkr/Worktrees/kungfu/review/codex/layer-gate-budget-macos-authoritative/.buildchain/esbuild-platform/sdk/darwin-arm64 @esbuild/darwin-arm64@0.28.1

added 1 package in 248ms
[buildchain] info product.esbuild.sdk.platform.install.end
[buildchain] info product.esbuild.sdk.platform.ready
[buildchain] info product.esbuild.tui.platform.install.start

[product] install esbuild.tui platform package
[product] $ npm install --no-save --package-lock=false --ignore-scripts --prefer-offline --prefix /Users/dkr/Worktrees/kungfu/review/codex/layer-gate-budget-macos-authoritative/.buildchain/esbuild-platform/tui/darwin-arm64 @esbuild/darwin-arm64@0.28.1

added 1 package in 237ms
[buildchain] info product.esbuild.tui.platform.install.end
[buildchain] info product.esbuild.tui.platform.ready
[buildchain] info product.core.rebuild.start

[product] rebuild core
[product] $ pnpm --filter @kungfu-tech/core run rebuild
$ node .gyp/run-build.js rebuild
$ uv run --frozen conan export /var/folders/lh/63dh4_t12tl7smhvvcr9wwlr0000gn/T/kungfu-rxcpp-UjOaX8 --version 4.1.1

======== Exporting recipe to the cache ========
rxcpp/4.1.1 export
Exporting package recipe: /var/folders/lh/63dh4_t12tl7smhvvcr9wwlr0000gn/T/kungfu-rxcpp-UjOaX8/conanfile.py
rxcpp/4.1.1: exports: File 'conandata.yml' found. Exporting it...
Copied 1 '.py' file: conanfile.py
Copied 1 '.yml' file: conandata.yml
Copied 2 '.patch' files: 0002-replace-deprecated-aligned-storage.patch, 0001-fix-notification-assignment.patch
Exported to cache folder: /Users/dkr/.conan2/p/rxcpp52656965255d7/e
Exported: rxcpp/4.1.1#1d323ce68b305aea6402cbfc8e51b673 (2026-07-14 04:12:43 UTC)
$ uv run --frozen conan export /var/folders/lh/63dh4_t12tl7smhvvcr9wwlr0000gn/T/kungfu-rocksdb-8fjQj8 --version 6.29.5

======== Exporting recipe to the cache ========
rocksdb/6.29.5 export
Exporting package recipe: /var/folders/lh/63dh4_t12tl7smhvvcr9wwlr0000gn/T/kungfu-rocksdb-8fjQj8/conanfile.py
rocksdb/6.29.5: exports: File 'conandata.yml' found. Exporting it...
Copied 1 '.py' file: conanfile.py
Copied 1 '.yml' file: conandata.yml
Copied 4 '.patch' files: 0001-add-include-cstdint-for-gcc-13.patch, 0002-exclude-thirdparty.patch, 0003-complete-parallel-compression-before-rep-destruction.patch, 0004-complete-write-batch-types-before-iterator-destruction.patch
Exported to cache folder: /Users/dkr/.conan2/p/rocks5297f0171a54d/e
Exported: rocksdb/6.29.5#3d4b8ceae5f6b66f7df690ebe555956c (2026-07-14 04:12:44 UTC)
$ uv run --frozen conan install . --output-folder build --build=missing -s build_type=Release -s compiler.cppstd=23 -o log_level=trace -o electron_version=42.5.0 -o node_version=22.22.3 -o with_yarn=True
WARN: legacy: Unscoped option definition is ambiguous.
Use '&:electron_version=42.5.0' to refer to the current package.
Use '*:electron_version=42.5.0' or other pattern if the intent was to apply to dependencies
WARN: legacy: Unscoped option definition is ambiguous.
Use '&:log_level=trace' to refer to the current package.
Use '*:log_level=trace' or other pattern if the intent was to apply to dependencies
WARN: legacy: Unscoped option definition is ambiguous.
Use '&:node_version=22.22.3' to refer to the current package.
Use '*:node_version=22.22.3' or other pattern if the intent was to apply to dependencies
WARN: legacy: Unscoped option definition is ambiguous.
Use '&:with_yarn=True' to refer to the current package.
Use '*:with_yarn=True' or other pattern if the intent was to apply to dependencies

======== Input profiles ========
Profile host:
[settings]
arch=armv8
build_type=Release
compiler=apple-clang
compiler.cppstd=23
compiler.libcxx=libc++
compiler.version=21
os=Macos
[options]
electron_version=42.5.0
log_level=trace
node_version=22.22.3
with_yarn=True

Profile build:
[settings]
arch=armv8
build_type=Release
compiler=apple-clang
compiler.cppstd=gnu17
compiler.libcxx=libc++
compiler.version=21
os=Macos


======== Computing dependency graph ========
Graph root
    conanfile.py (kungfu-core/4.0.0-alpha.0): /Users/dkr/Worktrees/kungfu/review/codex/layer-gate-budget-macos-authoritative/framework/core/conanfile.py
Requirements
    flatbuffers/25.9.23#f7756a957848ee87fc4f5c8b5c14fd90 - Cache
    fmt/10.2.1#25441914a1da0c98628fb50c865639f8 - Cache
    gtest/1.14.0#f8f0757a574a8dd747d16af62d6eb1b7 - Cache
    nlohmann_json/3.11.2#1ded6ae5d200a68ac17c51d528b945e2 - Cache
    nng/1.11.0#4c13bd027cb6cd4811139dcbaf0762a5 - Cache
    pybind11/2.13.6#42746850cd4c68d1b1ea42de456c2182 - Cache
    rocksdb/6.29.5#3d4b8ceae5f6b66f7df690ebe555956c - Cache
    rxcpp/4.1.1#1d323ce68b305aea6402cbfc8e51b673 - Cache
    spdlog/1.14.1#0c58e5559d0409d1fadfc39f51393c11 - Cache
    sqlite3/3.39.2#9526ae866fca2df3ceee620545f14b23 - Cache
    tabulate/1.4#c6ab7bb7413f268432d2684a1a27bbc1 - Cache
    xxhash/0.8.3#681d36a0a6111fc56e5e45ea182c19cc - Cache

======== Computing necessary packages ========
Connecting to remote 'workhub-conan' anonymously
Connecting to remote 'conancenter' anonymously
flatbuffers/25.9.23: Main binary package '9a000745f093badd87dbfc22f71aaaae214cae08' missing
flatbuffers/25.9.23: Checking 11 compatible configurations
flatbuffers/25.9.23: Found compatible package '1811661435e4d82a50821f20fdda37590a9aa770': compiler.cppstd=gnu17
Requirements
    flatbuffers/25.9.23#f7756a957848ee87fc4f5c8b5c14fd90:1811661435e4d82a50821f20fdda37590a9aa770#2e3308b8f2c9f987c09e0038da9ddf7b - Cache
    fmt/10.2.1#25441914a1da0c98628fb50c865639f8:da39a3ee5e6b4b0d3255bfef95601890afd80709#56c55ecdaafe72277693e376a0b5eb83 - Cache
    gtest/1.14.0#f8f0757a574a8dd747d16af62d6eb1b7:dbd8907284a9ef638b36b98940094fdf77f8b850#c0b611153fd551e4f6dd1f289b497ab7 - Cache
    nlohmann_json/3.11.2#1ded6ae5d200a68ac17c51d528b945e2:da39a3ee5e6b4b0d3255bfef95601890afd80709#2d1a5b1f5d673e1dab536bed20ce000b - Cache
    nng/1.11.0#4c13bd027cb6cd4811139dcbaf0762a5:70a3d956b8e837d27d15f839237f87426d692f16#35ac73d10f8b13b1590cd15b6650b27c - Cache
    pybind11/2.13.6#42746850cd4c68d1b1ea42de456c2182:da39a3ee5e6b4b0d3255bfef95601890afd80709#9d289186dc0b30c7d92df3b5a8f27a74 - Cache
    rocksdb/6.29.5#3d4b8ceae5f6b66f7df690ebe555956c:1d777319a13ad876db7caa258df499c6fa52b186#1812ea6d99c010a7d0250f7166706009 - Cache
    rxcpp/4.1.1#1d323ce68b305aea6402cbfc8e51b673:da39a3ee5e6b4b0d3255bfef95601890afd80709#5e790ec08aeead7a1821315dc7789ceb - Cache
    spdlog/1.14.1#0c58e5559d0409d1fadfc39f51393c11:da39a3ee5e6b4b0d3255bfef95601890afd80709#536fa07c5ff18232a266f2954c0dfb20 - Cache
    sqlite3/3.39.2#9526ae866fca2df3ceee620545f14b23:6515ce50804cfdb8172ff2b5aa951e605c0868af#a238fab84456367512bbe7f9abb2ebd8 - Cache
    tabulate/1.4#c6ab7bb7413f268432d2684a1a27bbc1:da39a3ee5e6b4b0d3255bfef95601890afd80709#1598f38d76d07acc5280a9448390c1e8 - Cache
    xxhash/0.8.3#681d36a0a6111fc56e5e45ea182c19cc:a5cde77093f43aa28e6b9d8785c303d87bbd9ba1#0f1e2b9c64c0300c2c85839051f8e26f - Cache

======== Installing packages ========
flatbuffers/25.9.23: Already installed! (1 of 12)
fmt/10.2.1: Already installed! (2 of 12)
gtest/1.14.0: Already installed! (3 of 12)
nlohmann_json/3.11.2: Already installed! (4 of 12)
nng/1.11.0: Already installed! (5 of 12)
pybind11/2.13.6: Already installed! (6 of 12)
rocksdb/6.29.5: Already installed! (7 of 12)
rxcpp/4.1.1: Already installed! (8 of 12)
sqlite3/3.39.2: Already installed! (9 of 12)
tabulate/1.4: Already installed! (10 of 12)
xxhash/0.8.3: Already installed! (11 of 12)
spdlog/1.14.1: Already installed! (12 of 12)
WARN: deprecated: Usage of deprecated Conan 1.X features that will be removed in Conan 2.X:
WARN: deprecated:     'cpp_info.filenames' used in: sqlite3/3.39.2
WARN: deprecated:     'cpp_info.names' used in: sqlite3/3.39.2
WARN: deprecated:     'cpp_info.build_modules' used in: sqlite3/3.39.2
WARN: deprecated:     'env_info' used in: sqlite3/3.39.2

======== Finalizing install (deploy, generators) ========
>>> Generate step
Generating files for conanfile.py (kungfu-core/4.0.0-alpha.0)
Generators folder: /Users/dkr/Worktrees/kungfu/review/codex/layer-gate-budget-macos-authoritative/framework/core/build
Calling generate() method in recipe
CMakeDeps necessary find_package() and targets for your CMakeLists.txt
    find_package(nlohmann_json)
    find_package(nng)
    find_package(flatbuffers)
    find_package(rxcpp)
    find_package(SQLite3)
    find_package(spdlog)
    find_package(fmt)
    find_package(tabulate)
    find_package(RocksDB)
    find_package(xxHash)
    find_package(pybind11)
    find_package(GTest)
    target_link_libraries(... nlohmann_json::nlohmann_json nng::nng flatbuffers::flatbuffers rxcpp::rxcpp SQLite::SQLite3 spdlog::spdlog_header_only fmt::fmt-header-only tabulate::tabulate RocksDB::rocksdb xxHash::xxhash pybind11_all_do_not_use gtest::gtest)
CMakeToolchain generated: conan_toolchain.cmake
CMakeToolchain: Preset 'conan-release' added to CMakePresets.json.
    (cmake>=3.23) cmake --preset conan-release
    (cmake<3.23) cmake <path> -G Ninja
                 -DCMAKE_TOOLCHAIN_FILE=<output_folder>/conan_toolchain.cmake 
                 -DCMAKE_POLICY_DEFAULT_CMP0091=NEW -DCMAKE_BUILD_TYPE=Release
CMakeToolchain generated: /Users/dkr/Worktrees/kungfu/review/codex/layer-gate-budget-macos-authoritative/framework/core/build/CMakePresets.json
CMakeToolchain generated: /Users/dkr/Worktrees/kungfu/review/codex/layer-gate-budget-macos-authoritative/framework/core/CMakeUserPresets.json
Generating aggregated env files
Generated aggregated env files: ['conanbuild.sh', 'conanrun.sh']
Install finished successfully
$ uv run --frozen conan build . --output-folder build -s build_type=Release -s compiler.cppstd=23 -o log_level=trace -o electron_version=42.5.0 -o node_version=22.22.3 -o with_yarn=True
WARN: legacy: Unscoped option definition is ambiguous.
Use '&:electron_version=42.5.0' to refer to the current package.
Use '*:electron_version=42.5.0' or other pattern if the intent was to apply to dependencies
WARN: legacy: Unscoped option definition is ambiguous.
Use '&:log_level=trace' to refer to the current package.
Use '*:log_level=trace' or other pattern if the intent was to apply to dependencies
WARN: legacy: Unscoped option definition is ambiguous.
Use '&:node_version=22.22.3' to refer to the current package.
Use '*:node_version=22.22.3' or other pattern if the intent was to apply to dependencies
WARN: legacy: Unscoped option definition is ambiguous.
Use '&:with_yarn=True' to refer to the current package.
Use '*:with_yarn=True' or other pattern if the intent was to apply to dependencies

======== Input profiles ========
Profile host:
[settings]
arch=armv8
build_type=Release
compiler=apple-clang
compiler.cppstd=23
compiler.libcxx=libc++
compiler.version=21
os=Macos
[options]
electron_version=42.5.0
log_level=trace
node_version=22.22.3
with_yarn=True

Profile build:
[settings]
arch=armv8
build_type=Release
compiler=apple-clang
compiler.cppstd=gnu17
compiler.libcxx=libc++
compiler.version=21
os=Macos


======== Computing dependency graph ========
Graph root
    conanfile.py (kungfu-core/4.0.0-alpha.0): /Users/dkr/Worktrees/kungfu/review/codex/layer-gate-budget-macos-authoritative/framework/core/conanfile.py
Requirements
    flatbuffers/25.9.23#f7756a957848ee87fc4f5c8b5c14fd90 - Cache
    fmt/10.2.1#25441914a1da0c98628fb50c865639f8 - Cache
    gtest/1.14.0#f8f0757a574a8dd747d16af62d6eb1b7 - Cache
    nlohmann_json/3.11.2#1ded6ae5d200a68ac17c51d528b945e2 - Cache
    nng/1.11.0#4c13bd027cb6cd4811139dcbaf0762a5 - Cache
    pybind11/2.13.6#42746850cd4c68d1b1ea42de456c2182 - Cache
    rocksdb/6.29.5#3d4b8ceae5f6b66f7df690ebe555956c - Cache
    rxcpp/4.1.1#1d323ce68b305aea6402cbfc8e51b673 - Cache
    spdlog/1.14.1#0c58e5559d0409d1fadfc39f51393c11 - Cache
    sqlite3/3.39.2#9526ae866fca2df3ceee620545f14b23 - Cache
    tabulate/1.4#c6ab7bb7413f268432d2684a1a27bbc1 - Cache
    xxhash/0.8.3#681d36a0a6111fc56e5e45ea182c19cc - Cache

======== Computing necessary packages ========
Connecting to remote 'workhub-conan' anonymously
Connecting to remote 'conancenter' anonymously
flatbuffers/25.9.23: Main binary package '9a000745f093badd87dbfc22f71aaaae214cae08' missing
flatbuffers/25.9.23: Checking 11 compatible configurations
flatbuffers/25.9.23: Found compatible package '1811661435e4d82a50821f20fdda37590a9aa770': compiler.cppstd=gnu17
Requirements
    flatbuffers/25.9.23#f7756a957848ee87fc4f5c8b5c14fd90:1811661435e4d82a50821f20fdda37590a9aa770#2e3308b8f2c9f987c09e0038da9ddf7b - Cache
    fmt/10.2.1#25441914a1da0c98628fb50c865639f8:da39a3ee5e6b4b0d3255bfef95601890afd80709#56c55ecdaafe72277693e376a0b5eb83 - Cache
    gtest/1.14.0#f8f0757a574a8dd747d16af62d6eb1b7:dbd8907284a9ef638b36b98940094fdf77f8b850#c0b611153fd551e4f6dd1f289b497ab7 - Cache
    nlohmann_json/3.11.2#1ded6ae5d200a68ac17c51d528b945e2:da39a3ee5e6b4b0d3255bfef95601890afd80709#2d1a5b1f5d673e1dab536bed20ce000b - Cache
    nng/1.11.0#4c13bd027cb6cd4811139dcbaf0762a5:70a3d956b8e837d27d15f839237f87426d692f16#35ac73d10f8b13b1590cd15b6650b27c - Cache
    pybind11/2.13.6#42746850cd4c68d1b1ea42de456c2182:da39a3ee5e6b4b0d3255bfef95601890afd80709#9d289186dc0b30c7d92df3b5a8f27a74 - Cache
    rocksdb/6.29.5#3d4b8ceae5f6b66f7df690ebe555956c:1d777319a13ad876db7caa258df499c6fa52b186#1812ea6d99c010a7d0250f7166706009 - Cache
    rxcpp/4.1.1#1d323ce68b305aea6402cbfc8e51b673:da39a3ee5e6b4b0d3255bfef95601890afd80709#5e790ec08aeead7a1821315dc7789ceb - Cache
    spdlog/1.14.1#0c58e5559d0409d1fadfc39f51393c11:da39a3ee5e6b4b0d3255bfef95601890afd80709#536fa07c5ff18232a266f2954c0dfb20 - Cache
    sqlite3/3.39.2#9526ae866fca2df3ceee620545f14b23:6515ce50804cfdb8172ff2b5aa951e605c0868af#a238fab84456367512bbe7f9abb2ebd8 - Cache
    tabulate/1.4#c6ab7bb7413f268432d2684a1a27bbc1:da39a3ee5e6b4b0d3255bfef95601890afd80709#1598f38d76d07acc5280a9448390c1e8 - Cache
    xxhash/0.8.3#681d36a0a6111fc56e5e45ea182c19cc:a5cde77093f43aa28e6b9d8785c303d87bbd9ba1#0f1e2b9c64c0300c2c85839051f8e26f - Cache

======== Installing packages ========
flatbuffers/25.9.23: Already installed! (1 of 12)
fmt/10.2.1: Already installed! (2 of 12)
gtest/1.14.0: Already installed! (3 of 12)
nlohmann_json/3.11.2: Already installed! (4 of 12)
nng/1.11.0: Already installed! (5 of 12)
pybind11/2.13.6: Already installed! (6 of 12)
rocksdb/6.29.5: Already installed! (7 of 12)
rxcpp/4.1.1: Already installed! (8 of 12)
sqlite3/3.39.2: Already installed! (9 of 12)
tabulate/1.4: Already installed! (10 of 12)
xxhash/0.8.3: Already installed! (11 of 12)
spdlog/1.14.1: Already installed! (12 of 12)
WARN: deprecated: Usage of deprecated Conan 1.X features that will be removed in Conan 2.X:
WARN: deprecated:     'cpp_info.filenames' used in: sqlite3/3.39.2
WARN: deprecated:     'cpp_info.names' used in: sqlite3/3.39.2
WARN: deprecated:     'cpp_info.build_modules' used in: sqlite3/3.39.2
WARN: deprecated:     'env_info' used in: sqlite3/3.39.2

======== Finalizing install (deploy, generators) ========
>>> Generate step
Generating files for conanfile.py (kungfu-core/4.0.0-alpha.0)
Generators folder: /Users/dkr/Worktrees/kungfu/review/codex/layer-gate-budget-macos-authoritative/framework/core/build
Calling generate() method in recipe
CMakeDeps necessary find_package() and targets for your CMakeLists.txt
    find_package(nlohmann_json)
    find_package(nng)
    find_package(flatbuffers)
    find_package(rxcpp)
    find_package(SQLite3)
    find_package(spdlog)
    find_package(fmt)
    find_package(tabulate)
    find_package(RocksDB)
    find_package(xxHash)
    find_package(pybind11)
    find_package(GTest)
    target_link_libraries(... nlohmann_json::nlohmann_json nng::nng flatbuffers::flatbuffers rxcpp::rxcpp SQLite::SQLite3 spdlog::spdlog_header_only fmt::fmt-header-only tabulate::tabulate RocksDB::rocksdb xxHash::xxhash pybind11_all_do_not_use gtest::gtest)
CMakeToolchain generated: conan_toolchain.cmake
CMakeToolchain: Preset 'conan-release' added to CMakePresets.json.
    (cmake>=3.23) cmake --preset conan-release
    (cmake<3.23) cmake <path> -G Ninja
                 -DCMAKE_TOOLCHAIN_FILE=<output_folder>/conan_toolchain.cmake 
                 -DCMAKE_POLICY_DEFAULT_CMP0091=NEW -DCMAKE_BUILD_TYPE=Release
CMakeToolchain generated: /Users/dkr/Worktrees/kungfu/review/codex/layer-gate-budget-macos-authoritative/framework/core/build/CMakePresets.json
CMakeToolchain generated: /Users/dkr/Worktrees/kungfu/review/codex/layer-gate-budget-macos-authoritative/framework/core/CMakeUserPresets.json
Generating aggregated env files
Generated aggregated env files: ['conanbuild.sh', 'conanrun.sh']

======== Calling build() ========
>>> Build step
Building conanfile.py (kungfu-core/4.0.0-alpha.0)
conanfile.py (kungfu-core/4.0.0-alpha.0): Calling build()
INFO TOOL Using Ninja generator, because ninja is available.
INFO CMD CONFIGURE
INFO RUN [
  'cmake',
  '/Users/dkr/Worktrees/kungfu/review/codex/layer-gate-budget-macos-authoritative/framework/core',
  '--no-warn-unused-cli',
  '-G',
  'Ninja',
  '-DCMAKE_JS_VERSION=8.0.0',
  '-DCMAKE_BUILD_TYPE=Release',
  '-DCMAKE_LIBRARY_OUTPUT_DIRECTORY=/Users/dkr/Worktrees/kungfu/review/codex/layer-gate-budget-macos-authoritative/framework/core/build/Release',
  '-DCMAKE_MSVC_RUNTIME_LIBRARY=MultiThreaded$<$<CONFIG:Debug>:Debug>',
  '-DCMAKE_JS_INC=/Users/dkr/.cmake-js/node-arm64/v22.22.3/include/node',
  '-DCMAKE_JS_SRC=',
  '-DNODE_RUNTIME=node',
  '-DNODE_RUNTIMEVERSION=22.22.3',
  '-DNODE_ARCH=arm64',
  '-DCMAKE_OSX_ARCHITECTURES=arm64',
  '-DCMAKE_TOOLCHAIN_FILE=/Users/dkr/Worktrees/kungfu/review/codex/layer-gate-budget-macos-authoritative/framework/core/build/conan_toolchain.cmake',
  '-DCMAKE_BUILD_TYPE=Release',
  '-DPYTHON_EXECUTABLE=/Users/dkr/Worktrees/kungfu/review/codex/layer-gate-budget-macos-authoritative/framework/core/.venv/bin/python3',
  '-DSPDLOG_LOG_LEVEL_COMPILE=SPDLOG_LEVEL_TRACE',
  '-DCMAKE_BUILD_PARALLEL_LEVEL=20',
  '-DCMAKE_JS_LIB=',
  '-DCMAKE_CXX_FLAGS=-D_DARWIN_USE_64_BIT_INODE=1 -D_LARGEFILE_SOURCE -D_FILE_OFFSET_BITS=64 -DBUILDING_NODE_EXTENSION',
  '-DCMAKE_SHARED_LINKER_FLAGS=-undefined dynamic_lookup'
]
Not searching for unused variables given on the command line.
-- Using Conan toolchain: /Users/dkr/Worktrees/kungfu/review/codex/layer-gate-budget-macos-authoritative/framework/core/build/conan_toolchain.cmake
-- Conan toolchain: Defining libcxx as C++ flags: -stdlib=libc++
-- Conan toolchain: C++ Standard 23 with extensions OFF
-- The C compiler identification is AppleClang 21.0.0.21000101
-- The CXX compiler identification is AppleClang 21.0.0.21000101
-- Detecting C compiler ABI info
-- Detecting C compiler ABI info - done
-- Check for working C compiler: /usr/bin/cc - skipped
-- Detecting C compile features
-- Detecting C compile features - done
-- Detecting CXX compiler ABI info
-- Detecting CXX compiler ABI info - done
-- Check for working CXX compiler: /usr/bin/c++ - skipped
-- Detecting CXX compile features
-- Detecting CXX compile features - done
-- compiler cache launcher: /opt/homebrew/bin/ccache
-- Kungfu toolchain contract: C++23, AppleClang 21.0.0.21000101, CMake 4.3.2, Ninja 1.13.0.git.kitware.jobserver-pipe-1
-- Conan: Component target declared 'fmt::fmt-header-only'
-- Conan: Component target declared 'spdlog::spdlog_header_only'
-- Conan: Target declared 'nlohmann_json::nlohmann_json'
-- Conan: Target declared 'nng::nng'
-- Conan: Component target declared 'flatbuffers::libflatbuffers'
-- Conan: Target declared 'flatbuffers::flatbuffers'
-- Conan: Including build module from '/Users/dkr/.conan2/p/b/flatb8b96de27f05d9/p/lib/cmake/FlatcTargets.cmake'
-- Conan: Including build module from '/Users/dkr/.conan2/p/b/flatb8b96de27f05d9/p/lib/cmake/BuildFlatBuffers.cmake'
-- Conan: Target declared 'rxcpp::rxcpp'
-- Conan: Component target declared 'SQLite::SQLite3'
-- Conan: Component target declared 'RocksDB::rocksdb'
-- Conan: Component target declared 'xxHash::xxhash'
-- Conan: Target declared 'tabulate::tabulate'
CMake Deprecation Warning at CMakeLists.txt:33 (cmake_policy):
  The OLD behavior for policy CMP0148 will be removed from a future version
  of CMake.

  The cmake-policies(7) manual explains that the OLD behaviors of all
  policies are deprecated and that a policy should be set to OLD only under
  specific short-term circumstances.  Projects should be ported to the NEW
  behavior and not rely on setting a policy to OLD.


-- Conan: Component target declared 'pybind11::headers'
-- Conan: Component target declared 'pybind11::pybind11'
-- Conan: Component target declared 'pybind11::embed'
-- Conan: Component target declared 'pybind11::module'
-- Conan: Component target declared 'pybind11::python_link_helper'
-- Conan: Component target declared 'pybind11::windows_extras'
-- Conan: Component target declared 'pybind11::lto'
-- Conan: Component target declared 'pybind11::thin_lto'
-- Conan: Component target declared 'pybind11::opt_size'
-- Conan: Component target declared 'pybind11::python2_no_register'
-- Conan: Target declared 'pybind11_all_do_not_use'
-- Conan: Including build module from '/Users/dkr/.conan2/p/pybin9183fffcad0dc/p/lib/cmake/pybind11/pybind11Common.cmake'
CMake Deprecation Warning at /Users/dkr/.conan2/p/pybin9183fffcad0dc/p/lib/cmake/pybind11/FindPythonLibsNew.cmake:110 (cmake_policy):
  The OLD behavior for policy CMP0148 will be removed from a future version
  of CMake.

  The cmake-policies(7) manual explains that the OLD behaviors of all
  policies are deprecated and that a policy should be set to OLD only under
  specific short-term circumstances.  Projects should be ported to the NEW
  behavior and not rely on setting a policy to OLD.
Call Stack (most recent call first):
  /Users/dkr/.conan2/p/pybin9183fffcad0dc/p/lib/cmake/pybind11/pybind11Tools.cmake:50 (find_package)
  /Users/dkr/.conan2/p/pybin9183fffcad0dc/p/lib/cmake/pybind11/pybind11Common.cmake:228 (include)
  build/pybind11-config.cmake:41 (include)
  CMakeLists.txt:34 (find_package)


-- Found PythonInterp: /Users/dkr/Worktrees/kungfu/review/codex/layer-gate-budget-macos-authoritative/framework/core/.venv/bin/python3 (found suitable version "3.13.14", minimum required is "3.7")
-- Found PythonLibs: /Users/dkr/.local/share/uv/python/cpython-3.13.14-macos-aarch64-none/lib/libpython3.13.dylib
-- Performing Test HAS_FLTO_THIN
-- Performing Test HAS_FLTO_THIN - Success
-- Enabled libkungfu
-- Performing Test CMAKE_HAVE_LIBC_PTHREAD
-- Performing Test CMAKE_HAVE_LIBC_PTHREAD - Success
-- Found Threads: TRUE
-- Enabled production libwasm runtime
-- libwasm Cargo cache: wasmtime=v1-3161772ea397-75cd5acec0de-1c32de1d-0cfb57a0a4d5 (/Users/dkr/.cache/kungfu/libwasm/cargo-target/wasmtime/release/v1-3161772ea397-75cd5acec0de-1c32de1d-0cfb57a0a4d5), wasmer=v1-3161772ea397-75cd5acec0de-bea854f0-c1daa543fcfd (/Users/dkr/.cache/kungfu/libwasm/cargo-target/wasmer/release/v1-3161772ea397-75cd5acec0de-bea854f0-c1daa543fcfd)
-- Enabled node bindings/runtime host
-- Configuring for node bindings
-- Include node-addon-api headers from [/Users/dkr/Worktrees/kungfu/review/codex/layer-gate-budget-macos-authoritative/node_modules/.pnpm/node-addon-api@8.9.0/node_modules/node-addon-api]
-- Include node-js headers from [/Users/dkr/.cmake-js/node-arm64/v22.22.3/include/node]
-- Include libnode headers from /Users/dkr/Worktrees/kungfu/review/codex/layer-gate-budget-macos-authoritative/.buildchain/libnode-platform/darwin-arm64/node_modules/@kungfu-tech/libnode-darwin-arm64/dist/node/include
-- Configuring for node binding kungfu_node
-- Configuring for node binding drone
-- Configuring for node launcher kungfu_node_host
-- Enabled pykungfu
-- Configuring for python binding pykungfu
-- Include libnode headers from /Users/dkr/Worktrees/kungfu/review/codex/layer-gate-budget-macos-authoritative/.buildchain/libnode-platform/darwin-arm64/node_modules/@kungfu-tech/libnode-darwin-arm64/dist/node/include
-- Configuring done (2.3s)
-- Generating done (0.1s)
-- Build files have been written to: /Users/dkr/Worktrees/kungfu/review/codex/layer-gate-budget-macos-authoritative/framework/core/build
conanfile.py (kungfu-core/4.0.0-alpha.0): cmake-js configure done
INFO TOOL Using Ninja generator, because ninja is available.
INFO CMD BUILD
INFO RUN [
  'cmake',
  '--build',
  '/Users/dkr/Worktrees/kungfu/review/codex/layer-gate-budget-macos-authoritative/framework/core/build',
  '--config',
  'Release',
  '--parallel',
  20
]
[1/115] Building CXX object src/libyijinjing/CMakeFiles/yijinjing.dir/src/storage/content_hash.cpp.o
[2/115] Building CXX object src/libyijinjing/CMakeFiles/yijinjing.dir/src/storage/content_store.cpp.o
[3/115] Building CXX object src/libyijinjing/CMakeFiles/yijinjing.dir/src/util/hash.cpp.o
[4/115] Building CXX object src/libyijinjing/CMakeFiles/yijinjing.dir/src/storage/sync_root.cpp.o
[5/115] Building CXX object src/libyijinjing/CMakeFiles/yijinjing.dir/src/journal/hookable_writer.cpp.o
[6/115] Building CXX object src/libyijinjing/CMakeFiles/yijinjing.dir/src/io/ownership.cpp.o
[7/115] Building CXX object src/libyijinjing/CMakeFiles/yijinjing.dir/src/util/time.cpp.o
[8/115] Building CXX object src/libyijinjing/CMakeFiles/yijinjing.dir/src/util/mmap.cpp.o
[9/115] Building CXX object src/libyijinjing/CMakeFiles/yijinjing.dir/src/journal/bus.cpp.o
[10/115] Building CXX object src/libyijinjing/CMakeFiles/yijinjing.dir/src/journal/writer.cpp.o
/Users/dkr/Worktrees/kungfu/review/codex/layer-gate-budget-macos-authoritative/framework/core/src/libyijinjing/src/journal/writer.cpp:133:14: warning: 'close_frame' is deprecated: use frame_transaction::commit() [-Wdeprecated-declarations]
  133 |       owner->close_frame(data_length, gen_time);
      |              ^
/Users/dkr/Worktrees/kungfu/review/codex/layer-gate-budget-macos-authoritative/framework/core/src/libyijinjing/include/kungfu/yijinjing/journal/journal.h:344:5: note: 'close_frame' has been explicitly marked deprecated here
  344 |   [[deprecated("use frame_transaction::commit()")]]
      |     ^
/Users/dkr/Worktrees/kungfu/review/codex/layer-gate-budget-macos-authoritative/framework/core/src/libyijinjing/src/journal/writer.cpp:299:45: warning: 'close_frame' is deprecated: use frame_transaction::commit() [-Wdeprecated-declarations]
  299 | void writer::close_data(int64_t gen_time) { close_frame(size_to_write_, gen_time); }
      |                                             ^
/Users/dkr/Worktrees/kungfu/review/codex/layer-gate-budget-macos-authoritative/framework/core/src/libyijinjing/include/kungfu/yijinjing/journal/journal.h:344:5: note: 'close_frame' has been explicitly marked deprecated here
  344 |   [[deprecated("use frame_transaction::commit()")]]
      |     ^
2 warnings generated.
[11/115] Building CXX object src/libyijinjing/CMakeFiles/yijinjing.dir/src/storage/source_registry.cpp.o
[12/115] Building CXX object src/libyijinjing/CMakeFiles/yijinjing.dir/src/util/log.cpp.o
[13/115] Building CXX object src/libyijinjing/CMakeFiles/yijinjing.dir/src/journal/reader.cpp.o
[14/115] Building CXX object src/libyijinjing/CMakeFiles/yijinjing.dir/src/journal/page.cpp.o
[15/115] Building CXX object src/libyijinjing/CMakeFiles/yijinjing.dir/src/journal/journal.cpp.o
/Users/dkr/Worktrees/kungfu/review/codex/layer-gate-budget-macos-authoritative/framework/core/src/libyijinjing/src/journal/journal.cpp:15:74: warning: field 'page_frame_nb_' will be initialized after field 'page_size_' [-Wreorder-ctor]
   14 |     : location_(std::move(location)), dest_id_(dest_id), policy_(policy), low_latency_(low_latency),
      |                                       ~~~~~~~~~~~~~~~~~  ~~~~~~~~~~~~~~~  ~~~~~~~~~~~~~~~~~~~~~~~~~
      |                                       page_size_(page_size) dest_id_(dest_id) policy_(policy)
   15 |       bus_(std::move(bus)), frame_(std::shared_ptr<frame>(new frame())), page_frame_nb_(0u), page_size_(page_size),
      |       ~~~~~~~~~~~~~~~~~~~~  ~~~~~~~~~~~~~~~~~~~~~~~~~~~~~~~~~~~~~~~~~~~  ^~~~~~~~~~~~~~~~~~  ~~~~~~~~~~~~~~~~~~~~~
      |       low_latency_(low_latency) priority_(priority)                      bus_(std::move(bus))frame_(std::shared_ptr<frame>(new frame()))
   16 |       priority_(priority) {
      |       ~~~~~~~~~~~~~~~~~~~
      |       page_frame_nb_(0u)
/Users/dkr/Worktrees/kungfu/review/codex/layer-gate-budget-macos-authoritative/framework/core/src/libyijinjing/src/journal/journal.cpp:39:35: warning: initializer order does not match the declaration order [-Wreorder-ctor]
   39 |     : location_(other.location_), dest_id_(other.dest_id_), page_size_(other.page_size_), policy_(other.policy_),
      |                                   ^~~~~~~~~~~~~~~~~~~~~~~~  ~~~~~~~~~~~~~~~~~~~~~~~~~~~~
      |                                   page_size_(other.page_size_) dest_id_(other.dest_id_)
   40 |       low_latency_(other.low_latency_), bus_(other.bus_), page_frame_nb_(other.page_frame_nb_),
      |                                         ~~~~~~~~~~~~~~~~  ~~~~~~~~~~~~~~~~~~~~~~~~~~~~~~~~~~~~
      |                                         priority_(other.priority_) bus_(other.bus_)
   41 |       priority_(other.priority_) {
      |       ~~~~~~~~~~~~~~~~~~~~~~~~~~
      |       page_frame_nb_(other.page_frame_nb_)
/Users/dkr/Worktrees/kungfu/review/codex/layer-gate-budget-macos-authoritative/framework/core/src/libyijinjing/src/journal/journal.cpp:39:35: note: field 'dest_id_' will be initialized after field 'page_size_'
   39 |     : location_(other.location_), dest_id_(other.dest_id_), page_size_(other.page_size_), policy_(other.policy_),
      |                                   ^~~~~~~~~~~~~~~~~~~~~~~~
/Users/dkr/Worktrees/kungfu/review/codex/layer-gate-budget-macos-authoritative/framework/core/src/libyijinjing/src/journal/journal.cpp:40:59: note: field 'page_frame_nb_' will be initialized after field 'priority_'
   40 |       low_latency_(other.low_latency_), bus_(other.bus_), page_frame_nb_(other.page_frame_nb_),
      |                                                           ^~~~~~~~~~~~~~~~~~~~~~~~~~~~~~~~~~~~
/Users/dkr/Worktrees/kungfu/review/codex/layer-gate-budget-macos-authoritative/framework/core/src/libyijinjing/src/journal/journal.cpp:147:32: warning: '&&' within '||' [-Wlogical-op-parentheses]
  146 |       page_->is_pre_open() ||                                                         //
      |                            ~~
  147 |       max_pre_create_size_ > 0 and page_->get_page_size() > max_pre_create_size_ * MB //
      |       ~~~~~~~~~~~~~~~~~~~~~~~~~^~~~~~~~~~~~~~~~~~~~~~~~~~~~~~~~~~~~~~~~~~~~~~~~~~~~~~
/Users/dkr/Worktrees/kungfu/review/codex/layer-gate-budget-macos-authoritative/framework/core/src/libyijinjing/src/journal/journal.cpp:147:32: note: place parentheses around the '&&' expression to silence this warning
  147 |       max_pre_create_size_ > 0 and page_->get_page_size() > max_pre_create_size_ * MB //
      |                                ^
      |       (                                                                              )
3 warnings generated.
[16/115] Building CXX object src/libyijinjing/CMakeFiles/yijinjing.dir/src/journal/assemble.cpp.o
[17/115] Building CXX object src/libkungfu/CMakeFiles/kungfu_optim.dir/src/runtime/durability.cpp.o
[18/115] Building CXX object src/libkungfu/CMakeFiles/kungfu_optim.dir/src/runtime/durable_ingest.cpp.o
[19/115] Building CXX object src/libkungfu/CMakeFiles/kungfu_optim.dir/src/runtime/action_recorder.cpp.o
In file included from /Users/dkr/Worktrees/kungfu/review/codex/layer-gate-budget-macos-authoritative/framework/core/src/libkungfu/src/runtime/action_recorder.cpp:4:
In file included from /Users/dkr/Worktrees/kungfu/review/codex/layer-gate-budget-macos-authoritative/framework/core/src/libkungfu/include/kungfu/runtime/io.h:12:
/Users/dkr/Worktrees/kungfu/review/codex/layer-gate-budget-macos-authoritative/framework/core/src/libkungfu/include/kungfu/runtime/nanomsg/socket.h:157:58: warning: field 'data_' will be initialized after field 'header_' [-Wreorder-ctor]
  157 |       : binding_(nlohmann::json::parse(msg)), msg_(msg), data_(get_meta<std::string>("data", "")),
      |                                                          ^~~~~~~~~~~~~~~~~~~~~~~~~~~~~~~~~~~~~~~~
      |                                                          header_(yijinjing::types::frame_header(msg.c_str(), msg.length()))
  158 |         header_(yijinjing::types::frame_header(msg.c_str(), msg.length())) {}
      |         ~~~~~~~~~~~~~~~~~~~~~~~~~~~~~~~~~~~~~~~~~~~~~~~~~~~~~~~~~~~~~~~~~~
      |         data_(get_meta<std::string>("data", ""))
1 warning generated.
[20/115] Building CXX object src/libyijinjing/CMakeFiles/yijinjing.dir/src/io/locator.cpp.o
[21/115] Building CXX object src/libyijinjing/CMakeFiles/yijinjing.dir/src/storage/episode_manifest.cpp.o
[22/115] Building CXX object src/libyijinjing/CMakeFiles/yijinjing.dir/src/storage/manifest_catalog.cpp.o
[23/115] Linking CXX static library libyijinjing.a
[24/115] Building CXX object src/libkungfu/CMakeFiles/kungfu_state_cache.dir/src/runtime/state_cache/profile.cpp.o
[25/115] Building CXX object src/libkungfu/CMakeFiles/kungfu_optim.dir/src/runtime/sandbox/app_container.cpp.o
In file included from /Users/dkr/Worktrees/kungfu/review/codex/layer-gate-budget-macos-authoritative/framework/core/src/libkungfu/src/runtime/sandbox/app_container.cpp:14:
/Users/dkr/Worktrees/kungfu/review/codex/layer-gate-budget-macos-authoritative/framework/core/src/libkungfu/include/kungfu/runtime/sandbox/app_container.h:40:9: warning: private field 'handle_' is not used [-Wunused-private-field]
   40 |   void *handle_; // Windows HANDLE, kept as void* so windows.h stays out of the public header.
      |         ^
1 warning generated.
[26/115] Building CXX object src/libkungfu/CMakeFiles/kungfu_state_cache.dir/src/runtime/state_cache/store.cpp.o
[27/115] Building CXX object src/libkungfu/CMakeFiles/kungfu_optim.dir/src/runtime/embedding.cpp.o
In file included from /Users/dkr/Worktrees/kungfu/review/codex/layer-gate-budget-macos-authoritative/framework/core/src/libkungfu/src/runtime/embedding.cpp:5:
In file included from /Users/dkr/Worktrees/kungfu/review/codex/layer-gate-budget-macos-authoritative/framework/core/src/libkungfu/include/kungfu/runtime/io.h:12:
/Users/dkr/Worktrees/kungfu/review/codex/layer-gate-budget-macos-authoritative/framework/core/src/libkungfu/include/kungfu/runtime/nanomsg/socket.h:157:58: warning: field 'data_' will be initialized after field 'header_' [-Wreorder-ctor]
  157 |       : binding_(nlohmann::json::parse(msg)), msg_(msg), data_(get_meta<std::string>("data", "")),
      |                                                          ^~~~~~~~~~~~~~~~~~~~~~~~~~~~~~~~~~~~~~~~
      |                                                          header_(yijinjing::types::frame_header(msg.c_str(), msg.length()))
  158 |         header_(yijinjing::types::frame_header(msg.c_str(), msg.length())) {}
      |         ~~~~~~~~~~~~~~~~~~~~~~~~~~~~~~~~~~~~~~~~~~~~~~~~~~~~~~~~~~~~~~~~~~
      |         data_(get_meta<std::string>("data", ""))
1 warning generated.
[28/115] Building CXX object src/libkungfu/CMakeFiles/kungfu_state_cache.dir/src/runtime/state_cache/manager.cpp.o
In file included from /Users/dkr/Worktrees/kungfu/review/codex/layer-gate-budget-macos-authoritative/framework/core/src/libkungfu/src/runtime/state_cache/manager.cpp:4:
In file included from /Users/dkr/Worktrees/kungfu/review/codex/layer-gate-budget-macos-authoritative/framework/core/src/libkungfu/include/kungfu/runtime/live/reactor.h:14:
In file included from /Users/dkr/Worktrees/kungfu/review/codex/layer-gate-budget-macos-authoritative/framework/core/src/libkungfu/include/kungfu/runtime/io.h:12:
/Users/dkr/Worktrees/kungfu/review/codex/layer-gate-budget-macos-authoritative/framework/core/src/libkungfu/include/kungfu/runtime/nanomsg/socket.h:157:58: warning: field 'data_' will be initialized after field 'header_' [-Wreorder-ctor]
  157 |       : binding_(nlohmann::json::parse(msg)), msg_(msg), data_(get_meta<std::string>("data", "")),
      |                                                          ^~~~~~~~~~~~~~~~~~~~~~~~~~~~~~~~~~~~~~~~
      |                                                          header_(yijinjing::types::frame_header(msg.c_str(), msg.length()))
  158 |         header_(yijinjing::types::frame_header(msg.c_str(), msg.length())) {}
      |         ~~~~~~~~~~~~~~~~~~~~~~~~~~~~~~~~~~~~~~~~~~~~~~~~~~~~~~~~~~~~~~~~~~
      |         data_(get_meta<std::string>("data", ""))
/Users/dkr/Worktrees/kungfu/review/codex/layer-gate-budget-macos-authoritative/framework/core/src/libkungfu/src/runtime/state_cache/manager.cpp:116:14: warning: unused variable 'IS_LEDGER' [-Wunused-variable]
  116 |   const bool IS_LEDGER = location->uid == ledger_home_location_->uid;
      |              ^~~~~~~~~
2 warnings generated.
[29/115] Building CXX object src/libkungfu/CMakeFiles/kungfu_optim.dir/src/runtime/crash_recovery.cpp.o
[30/115] Building CXX object src/libkungfu/CMakeFiles/kungfu_optim.dir/src/runtime/io/sqlite.cpp.o
[31/115] Building CXX object src/libkungfu/CMakeFiles/kungfu_optim.dir/src/runtime/projection_bootstrap.cpp.o
[32/115] Building CXX object src/libkungfu/CMakeFiles/kungfu_optim.dir/src/runtime/native_storage.cpp.o
[33/115] Building CXX object src/libkungfu/CMakeFiles/kungfu_optim.dir/src/runtime/facts/fact_admission.cpp.o
[34/115] Building CXX object src/libkungfu/CMakeFiles/kungfu_optim.dir/src/runtime/schema/schema_compiler.cpp.o
[35/115] Building CXX object src/libkungfu/CMakeFiles/kungfu_optim.dir/src/runtime/query/saved_query_catalog.cpp.o
[36/115] Building CXX object src/libkungfu/CMakeFiles/kungfu_optim.dir/src/runtime/util/StackWalker.cpp.o
[37/115] Building CXX object src/libkungfu/CMakeFiles/kungfu_optim.dir/src/runtime/state_shadow.cpp.o
[38/115] Building CXX object src/libkungfu/CMakeFiles/kungfu_optim.dir/src/runtime/journal/tracer.cpp.o
In file included from /Users/dkr/Worktrees/kungfu/review/codex/layer-gate-budget-macos-authoritative/framework/core/src/libkungfu/src/runtime/journal/tracer.cpp:3:
/Users/dkr/Worktrees/kungfu/review/codex/layer-gate-budget-macos-authoritative/framework/core/src/libkungfu/include/kungfu/runtime/journal/tracer.h:53:8: warning: private field 'out_' is not used [-Wunused-private-field]
   53 |   bool out_;
      |        ^
1 warning generated.
[39/115] Building CXX object src/libkungfu/CMakeFiles/kungfu_optim.dir/src/runtime/io/io.cpp.o
In file included from /Users/dkr/Worktrees/kungfu/review/codex/layer-gate-budget-macos-authoritative/framework/core/src/libkungfu/src/runtime/io/io.cpp:4:
In file included from /Users/dkr/Worktrees/kungfu/review/codex/layer-gate-budget-macos-authoritative/framework/core/src/libkungfu/include/kungfu/runtime/io.h:12:
/Users/dkr/Worktrees/kungfu/review/codex/layer-gate-budget-macos-authoritative/framework/core/src/libkungfu/include/kungfu/runtime/nanomsg/socket.h:157:58: warning: field 'data_' will be initialized after field 'header_' [-Wreorder-ctor]
  157 |       : binding_(nlohmann::json::parse(msg)), msg_(msg), data_(get_meta<std::string>("data", "")),
      |                                                          ^~~~~~~~~~~~~~~~~~~~~~~~~~~~~~~~~~~~~~~~
      |                                                          header_(yijinjing::types::frame_header(msg.c_str(), msg.length()))
  158 |         header_(yijinjing::types::frame_header(msg.c_str(), msg.length())) {}
      |         ~~~~~~~~~~~~~~~~~~~~~~~~~~~~~~~~~~~~~~~~~~~~~~~~~~~~~~~~~~~~~~~~~~
      |         data_(get_meta<std::string>("data", ""))
1 warning generated.
[40/115] Building CXX object src/libkungfu/CMakeFiles/kungfu_optim.dir/src/runtime/journal/replay_writer.cpp.o
/Users/dkr/Worktrees/kungfu/review/codex/layer-gate-budget-macos-authoritative/framework/core/src/libkungfu/src/runtime/journal/replay_writer.cpp:12:7: warning: 'writer' is deprecated: writer mapping policy is explicit [-Wdeprecated-declarations]
   12 |     : writer(location, dest_id, true, publisher, false, bus, page_size, begin_time),
      |       ^
/Users/dkr/Worktrees/kungfu/review/codex/layer-gate-budget-macos-authoritative/framework/core/src/libyijinjing/include/kungfu/yijinjing/journal/journal.h:312:5: note: 'writer' has been explicitly marked deprecated here
  312 |   [[deprecated("writer mapping policy is explicit")]]
      |     ^
1 warning generated.
[41/115] Building CXX object src/libkungfu/CMakeFiles/kungfu_optim.dir/src/runtime/live/resource_manager.cpp.o
In file included from /Users/dkr/Worktrees/kungfu/review/codex/layer-gate-budget-macos-authoritative/framework/core/src/libkungfu/src/runtime/live/resource_manager.cpp:2:
In file included from /Users/dkr/Worktrees/kungfu/review/codex/layer-gate-budget-macos-authoritative/framework/core/src/libkungfu/include/kungfu/runtime/live/peer.h:12:
In file included from /Users/dkr/Worktrees/kungfu/review/codex/layer-gate-budget-macos-authoritative/framework/core/src/libkungfu/include/kungfu/runtime/io.h:12:
/Users/dkr/Worktrees/kungfu/review/codex/layer-gate-budget-macos-authoritative/framework/core/src/libkungfu/include/kungfu/runtime/nanomsg/socket.h:157:58: warning: field 'data_' will be initialized after field 'header_' [-Wreorder-ctor]
  157 |       : binding_(nlohmann::json::parse(msg)), msg_(msg), data_(get_meta<std::string>("data", "")),
      |                                                          ^~~~~~~~~~~~~~~~~~~~~~~~~~~~~~~~~~~~~~~~
      |                                                          header_(yijinjing::types::frame_header(msg.c_str(), msg.length()))
  158 |         header_(yijinjing::types::frame_header(msg.c_str(), msg.length())) {}
      |         ~~~~~~~~~~~~~~~~~~~~~~~~~~~~~~~~~~~~~~~~~~~~~~~~~~~~~~~~~~~~~~~~~~
      |         data_(get_meta<std::string>("data", ""))
1 warning generated.
[42/115] Building CXX object src/libkungfu/CMakeFiles/kungfu_optim.dir/src/runtime/profile/profile_lifecycle.cpp.o
[43/115] Building CXX object src/libkungfu/CMakeFiles/kungfu_optim.dir/src/runtime/state_service.cpp.o
In file included from /Users/dkr/Worktrees/kungfu/review/codex/layer-gate-budget-macos-authoritative/framework/core/src/libkungfu/src/runtime/state_service.cpp:3:
In file included from /Users/dkr/Worktrees/kungfu/review/codex/layer-gate-budget-macos-authoritative/framework/core/src/libkungfu/include/kungfu/runtime/state_service.h:12:
In file included from /Users/dkr/Worktrees/kungfu/review/codex/layer-gate-budget-macos-authoritative/framework/core/src/libkungfu/include/kungfu/runtime/io.h:12:
/Users/dkr/Worktrees/kungfu/review/codex/layer-gate-budget-macos-authoritative/framework/core/src/libkungfu/include/kungfu/runtime/nanomsg/socket.h:157:58: warning: field 'data_' will be initialized after field 'header_' [-Wreorder-ctor]
  157 |       : binding_(nlohmann::json::parse(msg)), msg_(msg), data_(get_meta<std::string>("data", "")),
      |                                                          ^~~~~~~~~~~~~~~~~~~~~~~~~~~~~~~~~~~~~~~~
      |                                                          header_(yijinjing::types::frame_header(msg.c_str(), msg.length()))
  158 |         header_(yijinjing::types::frame_header(msg.c_str(), msg.length())) {}
      |         ~~~~~~~~~~~~~~~~~~~~~~~~~~~~~~~~~~~~~~~~~~~~~~~~~~~~~~~~~~~~~~~~~~
      |         data_(get_meta<std::string>("data", ""))
1 warning generated.
[44/115] Building CXX object src/libkungfu/CMakeFiles/kungfu_optim.dir/src/runtime/util/stacktrace.cpp.o
[45/115] Building CXX object src/libkungfu/CMakeFiles/kungfu_optim.dir/src/view/action_envelope.cpp.o
[46/115] Building CXX object src/libyijinjing/CMakeFiles/yijinjing_content_hash_tests.dir/tests/content_hash_tests.cpp.o
/Users/dkr/Worktrees/kungfu/review/codex/layer-gate-budget-macos-authoritative/framework/core/src/libyijinjing/tests/content_hash_tests.cpp:26:8: warning: variable 'rejected' set but not used [-Wunused-but-set-variable]
   26 |   bool rejected = false;
      |        ^
1 warning generated.
[47/115] Building CXX object src/libkungfu/CMakeFiles/kungfu_optim.dir/src/runtime/util/terminal.cpp.o
[48/115] Building CXX object src/libkungfu/CMakeFiles/kungfu_optim.dir/src/view/schema.cpp.o
[49/115] Building CXX object src/libkungfu/CMakeFiles/kungfu_optim.dir/src/runtime/trust/assessment_runtime.cpp.o
[50/115] Building CXX object src/libkungfu/CMakeFiles/kungfu_optim.dir/src/runtime/live/reactor.cpp.o
In file included from /Users/dkr/Worktrees/kungfu/review/codex/layer-gate-budget-macos-authoritative/framework/core/src/libkungfu/src/runtime/live/reactor.cpp:13:
In file included from /Users/dkr/Worktrees/kungfu/review/codex/layer-gate-budget-macos-authoritative/framework/core/src/libkungfu/include/kungfu/runtime/live/reactor.h:14:
In file included from /Users/dkr/Worktrees/kungfu/review/codex/layer-gate-budget-macos-authoritative/framework/core/src/libkungfu/include/kungfu/runtime/io.h:12:
/Users/dkr/Worktrees/kungfu/review/codex/layer-gate-budget-macos-authoritative/framework/core/src/libkungfu/include/kungfu/runtime/nanomsg/socket.h:157:58: warning: field 'data_' will be initialized after field 'header_' [-Wreorder-ctor]
  157 |       : binding_(nlohmann::json::parse(msg)), msg_(msg), data_(get_meta<std::string>("data", "")),
      |                                                          ^~~~~~~~~~~~~~~~~~~~~~~~~~~~~~~~~~~~~~~~
      |                                                          header_(yijinjing::types::frame_header(msg.c_str(), msg.length()))
  158 |         header_(yijinjing::types::frame_header(msg.c_str(), msg.length())) {}
      |         ~~~~~~~~~~~~~~~~~~~~~~~~~~~~~~~~~~~~~~~~~~~~~~~~~~~~~~~~~~~~~~~~~~
      |         data_(get_meta<std::string>("data", ""))
/Users/dkr/Worktrees/kungfu/review/codex/layer-gate-budget-macos-authoritative/framework/core/src/libkungfu/src/runtime/live/reactor.cpp:106:41: warning: field 'now_' will be initialized after field 'main_thread_id_' [-Wreorder-ctor]
  101 |       coordinator_home_location_(
      |       ~~~~~~~~~~~~~~~~~~~~~~~~~~~
      |       main_thread_id_(util::get_thread_id())
  102 |           make_system_location(COORDINATOR_WIRE_NAMESPACE, COORDINATOR_WIRE_NAME, io_device->get_locator())),
      |           ~~~~~~~~~~~~~~~~~~~~~~~~~~~~~~~~~~~~~~~~~~~~~~~~~~~~~~~~~~~~~~~~~~~~~~~~~~~~~~~~~~~~~~~~~~~~~~~~~~
  103 |       coordinator_cmd_location_(make_system_location(COORDINATOR_WIRE_NAMESPACE, encode(io_device),
      |       ~~~~~~~~~~~~~~~~~~~~~~~~~~~~~~~~~~~~~~~~~~~~~~~~~~~~~~~~~~~~~~~~~~~~~~~~~~~~~~~~~~~~~~~~~~~~~
  104 |                                                      io_device->get_locator(), io_device->get_home()->seed)),
      |                                                      ~~~~~~~~~~~~~~~~~~~~~~~~~~~~~~~~~~~~~~~~~~~~~~~~~~~~~~~
  105 |       ledger_home_location_(make_system_location("service", "ledger", io_device->get_locator())),
      |       ~~~~~~~~~~~~~~~~~~~~~~~~~~~~~~~~~~~~~~~~~~~~~~~~~~~~~~~~~~~~~~~~~~~~~~~~~~~~~~~~~~~~~~~~~~
  106 |       io_device_(std::move(io_device)), now_(0), main_thread_id_(util::get_thread_id()) {
      |       ~~~~~~~~~~~~~~~~~~~~~~~~~~~~~~~~  ^~~~~~~  ~~~~~~~~~~~~~~~~~~~~~~~~~~~~~~~~~~~~~~
      |       ledger_home_location_(make_system_location("service", "ledger", io_device->get_locator())) io_device_(std::move(io_device)) now_(0)
2 warnings generated.
[51/115] Building CXX object src/libkungfu/CMakeFiles/kungfu_optim.dir/src/runtime/query/fact_query.cpp.o
[52/115] Building CXX object src/libkungfu/CMakeFiles/kungfu_durability_contract_tests.dir/tests/durability_contract_tests.cpp.o
[53/115] Building CXX object src/libkungfu/CMakeFiles/kungfu_optim.dir/src/runtime/live/coordinator.cpp.o
In file included from /Users/dkr/Worktrees/kungfu/review/codex/layer-gate-budget-macos-authoritative/framework/core/src/libkungfu/src/runtime/live/coordinator.cpp:8:
In file included from /Users/dkr/Worktrees/kungfu/review/codex/layer-gate-budget-macos-authoritative/framework/core/src/libkungfu/include/kungfu/runtime/live/coordinator.h:12:
In file included from /Users/dkr/Worktrees/kungfu/review/codex/layer-gate-budget-macos-authoritative/framework/core/src/libkungfu/include/kungfu/runtime/io.h:12:
/Users/dkr/Worktrees/kungfu/review/codex/layer-gate-budget-macos-authoritative/framework/core/src/libkungfu/include/kungfu/runtime/nanomsg/socket.h:157:58: warning: field 'data_' will be initialized after field 'header_' [-Wreorder-ctor]
  157 |       : binding_(nlohmann::json::parse(msg)), msg_(msg), data_(get_meta<std::string>("data", "")),
      |                                                          ^~~~~~~~~~~~~~~~~~~~~~~~~~~~~~~~~~~~~~~~
      |                                                          header_(yijinjing::types::frame_header(msg.c_str(), msg.length()))
  158 |         header_(yijinjing::types::frame_header(msg.c_str(), msg.length())) {}
      |         ~~~~~~~~~~~~~~~~~~~~~~~~~~~~~~~~~~~~~~~~~~~~~~~~~~~~~~~~~~~~~~~~~~
      |         data_(get_meta<std::string>("data", ""))
1 warning generated.
[54/115] Building CXX object src/libyijinjing/CMakeFiles/yijinjing_mmap_tests.dir/tests/mmap_tests.cpp.o
[55/115] Building CXX object src/libkungfu/CMakeFiles/kungfu_optim.dir/src/runtime/util/rocks.cpp.o
[56/115] Building CXX object src/libkungfu/CMakeFiles/kungfu_durability_powercut_fixture.dir/tests/durability_powercut_fixture.cpp.o
[57/115] Building CXX object src/libkungfu/CMakeFiles/kungfu_optim.dir/src/runtime/storage/source_registry_projection.cpp.o
[58/115] Building CXX object src/libkungfu/CMakeFiles/kungfu_optim.dir/src/runtime/typed_state_projection.cpp.o
[59/115] Building CXX object src/libkungfu/CMakeFiles/kungfu_optim.dir/src/runtime/util/nanomsg.cpp.o
In file included from /Users/dkr/Worktrees/kungfu/review/codex/layer-gate-budget-macos-authoritative/framework/core/src/libkungfu/src/runtime/util/nanomsg.cpp:8:
/Users/dkr/Worktrees/kungfu/review/codex/layer-gate-budget-macos-authoritative/framework/core/src/libkungfu/include/kungfu/runtime/nanomsg/socket.h:157:58: warning: field 'data_' will be initialized after field 'header_' [-Wreorder-ctor]
  157 |       : binding_(nlohmann::json::parse(msg)), msg_(msg), data_(get_meta<std::string>("data", "")),
      |                                                          ^~~~~~~~~~~~~~~~~~~~~~~~~~~~~~~~~~~~~~~~
      |                                                          header_(yijinjing::types::frame_header(msg.c_str(), msg.length()))
  158 |         header_(yijinjing::types::frame_header(msg.c_str(), msg.length())) {}
      |         ~~~~~~~~~~~~~~~~~~~~~~~~~~~~~~~~~~~~~~~~~~~~~~~~~~~~~~~~~~~~~~~~~~
      |         data_(get_meta<std::string>("data", ""))
1 warning generated.
[60/115] Building CXX object src/libkungfu/CMakeFiles/kungfu_optim.dir/src/runtime/typed_frame_dump.cpp.o
[61/115] Building CXX object src/bindings/node/CMakeFiles/kungfu_node.dir/binding/app_container.cpp.o
[62/115] Building CXX object src/libkungfu/CMakeFiles/kungfu_state_service_contract_tests.dir/tests/state_service_contract_tests.cpp.o
In file included from /Users/dkr/Worktrees/kungfu/review/codex/layer-gate-budget-macos-authoritative/framework/core/src/libkungfu/tests/state_service_contract_tests.cpp:3:
In file included from /Users/dkr/Worktrees/kungfu/review/codex/layer-gate-budget-macos-authoritative/framework/core/src/libkungfu/include/kungfu/runtime/io.h:12:
/Users/dkr/Worktrees/kungfu/review/codex/layer-gate-budget-macos-authoritative/framework/core/src/libkungfu/include/kungfu/runtime/nanomsg/socket.h:157:58: warning: field 'data_' will be initialized after field 'header_' [-Wreorder-ctor]
  157 |       : binding_(nlohmann::json::parse(msg)), msg_(msg), data_(get_meta<std::string>("data", "")),
      |                                                          ^~~~~~~~~~~~~~~~~~~~~~~~~~~~~~~~~~~~~~~~
      |                                                          header_(yijinjing::types::frame_header(msg.c_str(), msg.length()))
  158 |         header_(yijinjing::types::frame_header(msg.c_str(), msg.length())) {}
      |         ~~~~~~~~~~~~~~~~~~~~~~~~~~~~~~~~~~~~~~~~~~~~~~~~~~~~~~~~~~~~~~~~~~
      |         data_(get_meta<std::string>("data", ""))
1 warning generated.
[63/115] Building CXX object src/libyijinjing/CMakeFiles/yijinjing_mmap_qualification.dir/tests/mmap_qualification.cpp.o
/Users/dkr/Worktrees/kungfu/review/codex/layer-gate-budget-macos-authoritative/framework/core/src/libyijinjing/tests/mmap_qualification.cpp:443:27: warning: 'open_frame' is deprecated: use reserve_frame(); split open/close ownership is not exception-safe for caller abandonment [-Wdeprecated-declarations]
  443 |       auto frame = output.open_frame(static_cast<int64_t>(i), CARRIER_TYPE, payload.size());
      |                           ^
/Users/dkr/Worktrees/kungfu/review/codex/layer-gate-budget-macos-authoritative/framework/core/src/libyijinjing/include/kungfu/yijinjing/journal/journal.h:337:5: note: 'open_frame' has been explicitly marked deprecated here
  337 |   [[deprecated("use reserve_frame(); split open/close ownership is not exception-safe for caller abandonment")]]
      |     ^
/Users/dkr/Worktrees/kungfu/review/codex/layer-gate-budget-macos-authoritative/framework/core/src/libyijinjing/tests/mmap_qualification.cpp:445:14: warning: 'close_frame' is deprecated: use frame_transaction::commit() [-Wdeprecated-declarations]
  445 |       output.close_frame(payload.size(), static_cast<int64_t>(i + 1));
      |              ^
/Users/dkr/Worktrees/kungfu/review/codex/layer-gate-budget-macos-authoritative/framework/core/src/libyijinjing/include/kungfu/yijinjing/journal/journal.h:344:5: note: 'close_frame' has been explicitly marked deprecated here
  344 |   [[deprecated("use frame_transaction::commit()")]]
      |     ^
2 warnings generated.
[64/115] Building CXX object src/libkungfu/CMakeFiles/kungfu_optim.dir/src/runtime/storage/manifest_catalog_projection.cpp.o
[65/115] Building CXX object src/libkungfu/CMakeFiles/kungfu_optim.dir/src/runtime/storage/episode_manifest_projection.cpp.o
[66/115] Building CXX object src/libkungfu/CMakeFiles/kungfu_optim.dir/src/runtime/util/signal.cpp.o
In file included from /Users/dkr/Worktrees/kungfu/review/codex/layer-gate-budget-macos-authoritative/framework/core/src/libkungfu/src/runtime/util/signal.cpp:10:
In file included from /Users/dkr/Worktrees/kungfu/review/codex/layer-gate-budget-macos-authoritative/framework/core/src/libkungfu/include/kungfu/runtime/live/reactor.h:14:
In file included from /Users/dkr/Worktrees/kungfu/review/codex/layer-gate-budget-macos-authoritative/framework/core/src/libkungfu/include/kungfu/runtime/io.h:12:
/Users/dkr/Worktrees/kungfu/review/codex/layer-gate-budget-macos-authoritative/framework/core/src/libkungfu/include/kungfu/runtime/nanomsg/socket.h:157:58: warning: field 'data_' will be initialized after field 'header_' [-Wreorder-ctor]
  157 |       : binding_(nlohmann::json::parse(msg)), msg_(msg), data_(get_meta<std::string>("data", "")),
      |                                                          ^~~~~~~~~~~~~~~~~~~~~~~~~~~~~~~~~~~~~~~~
      |                                                          header_(yijinjing::types::frame_header(msg.c_str(), msg.length()))
  158 |         header_(yijinjing::types::frame_header(msg.c_str(), msg.length())) {}
      |         ~~~~~~~~~~~~~~~~~~~~~~~~~~~~~~~~~~~~~~~~~~~~~~~~~~~~~~~~~~~~~~~~~~
      |         data_(get_meta<std::string>("data", ""))
1 warning generated.
[67/115] Building CXX object src/libkungfu/CMakeFiles/kungfu_profile_lifecycle_tests.dir/tests/profile_lifecycle_tests.cpp.o
[68/115] Building CXX object src/libkungfu/CMakeFiles/kungfu_durable_ingest_tests.dir/tests/durable_ingest_tests.cpp.o
In file included from /Users/dkr/Worktrees/kungfu/review/codex/layer-gate-budget-macos-authoritative/framework/core/src/libkungfu/tests/durable_ingest_tests.cpp:4:
In file included from /Users/dkr/Worktrees/kungfu/review/codex/layer-gate-budget-macos-authoritative/framework/core/src/libkungfu/include/kungfu/runtime/io.h:12:
/Users/dkr/Worktrees/kungfu/review/codex/layer-gate-budget-macos-authoritative/framework/core/src/libkungfu/include/kungfu/runtime/nanomsg/socket.h:157:58: warning: field 'data_' will be initialized after field 'header_' [-Wreorder-ctor]
  157 |       : binding_(nlohmann::json::parse(msg)), msg_(msg), data_(get_meta<std::string>("data", "")),
      |                                                          ^~~~~~~~~~~~~~~~~~~~~~~~~~~~~~~~~~~~~~~~
      |                                                          header_(yijinjing::types::frame_header(msg.c_str(), msg.length()))
  158 |         header_(yijinjing::types::frame_header(msg.c_str(), msg.length())) {}
      |         ~~~~~~~~~~~~~~~~~~~~~~~~~~~~~~~~~~~~~~~~~~~~~~~~~~~~~~~~~~~~~~~~~~
      |         data_(get_meta<std::string>("data", ""))
1 warning generated.
[69/115] Building CXX object src/bindings/node/CMakeFiles/kungfu_node.dir/binding/data_table.cpp.o
[70/115] Building CXX object src/bindings/node/CMakeFiles/kungfu_node.dir/binding/action_recorder.cpp.o
[71/115] Building CXX object src/libkungfu/CMakeFiles/kungfu_optim.dir/src/runtime/live/peer.cpp.o
In file included from /Users/dkr/Worktrees/kungfu/review/codex/layer-gate-budget-macos-authoritative/framework/core/src/libkungfu/src/runtime/live/peer.cpp:8:
In file included from /Users/dkr/Worktrees/kungfu/review/codex/layer-gate-budget-macos-authoritative/framework/core/src/libkungfu/include/kungfu/runtime/live/peer.h:12:
In file included from /Users/dkr/Worktrees/kungfu/review/codex/layer-gate-budget-macos-authoritative/framework/core/src/libkungfu/include/kungfu/runtime/io.h:12:
/Users/dkr/Worktrees/kungfu/review/codex/layer-gate-budget-macos-authoritative/framework/core/src/libkungfu/include/kungfu/runtime/nanomsg/socket.h:157:58: warning: field 'data_' will be initialized after field 'header_' [-Wreorder-ctor]
  157 |       : binding_(nlohmann::json::parse(msg)), msg_(msg), data_(get_meta<std::string>("data", "")),
      |                                                          ^~~~~~~~~~~~~~~~~~~~~~~~~~~~~~~~~~~~~~~~
      |                                                          header_(yijinjing::types::frame_header(msg.c_str(), msg.length()))
  158 |         header_(yijinjing::types::frame_header(msg.c_str(), msg.length())) {}
      |         ~~~~~~~~~~~~~~~~~~~~~~~~~~~~~~~~~~~~~~~~~~~~~~~~~~~~~~~~~~~~~~~~~~
      |         data_(get_meta<std::string>("data", ""))
1 warning generated.
[72/115] Building CXX object src/bindings/node/CMakeFiles/drone.dir/drone/module.cpp.o
[73/115] Building CXX object src/bindings/node/CMakeFiles/kungfu_node_host.dir/host/kungfu_node_host.cpp.o
[74/115] Building CXX object src/libkungfu/CMakeFiles/kungfu_crash_recovery_tests.dir/tests/crash_recovery_tests.cpp.o
[75/115] Building CXX object src/libkungfu/CMakeFiles/kungfu_projection_bootstrap_tests.dir/tests/projection_bootstrap_tests.cpp.o
In file included from /Users/dkr/Worktrees/kungfu/review/codex/layer-gate-budget-macos-authoritative/framework/core/src/libkungfu/tests/projection_bootstrap_tests.cpp:3:
In file included from /Users/dkr/Worktrees/kungfu/review/codex/layer-gate-budget-macos-authoritative/framework/core/src/libkungfu/include/kungfu/runtime/io.h:12:
/Users/dkr/Worktrees/kungfu/review/codex/layer-gate-budget-macos-authoritative/framework/core/src/libkungfu/include/kungfu/runtime/nanomsg/socket.h:157:58: warning: field 'data_' will be initialized after field 'header_' [-Wreorder-ctor]
  157 |       : binding_(nlohmann::json::parse(msg)), msg_(msg), data_(get_meta<std::string>("data", "")),
      |                                                          ^~~~~~~~~~~~~~~~~~~~~~~~~~~~~~~~~~~~~~~~
      |                                                          header_(yijinjing::types::frame_header(msg.c_str(), msg.length()))
  158 |         header_(yijinjing::types::frame_header(msg.c_str(), msg.length())) {}
      |         ~~~~~~~~~~~~~~~~~~~~~~~~~~~~~~~~~~~~~~~~~~~~~~~~~~~~~~~~~~~~~~~~~~
      |         data_(get_meta<std::string>("data", ""))
1 warning generated.
[76/115] Building CXX object src/libkungfu/CMakeFiles/kungfu_runtime_error_tests.dir/tests/runtime_error_tests.cpp.o
[77/115] Building CXX object src/bindings/python/CMakeFiles/pykungfu.dir/binding/py-libnode.cpp.o
[78/115] Linking CXX executable Release/yijinjing_mmap_tests
[79/115] Linking CXX executable Release/yijinjing_content_hash_tests
[80/115] Linking CXX executable Release/yijinjing_mmap_qualification
[81/115] Linking CXX shared library Release/libkungfu_node_host.dylib
[82/115] Building CXX object src/bindings/python/CMakeFiles/pykungfu.dir/binding/py-yijinjing.cpp.o
[83/115] Building CXX object src/bindings/python/CMakeFiles/pykungfu.dir/binding/pykungfu.cpp.o
[84/115] Building CXX object src/bindings/node/CMakeFiles/kungfu_node.dir/binding/config_store.cpp.o
In file included from /Users/dkr/Worktrees/kungfu/review/codex/layer-gate-budget-macos-authoritative/framework/core/src/bindings/node/binding/config_store.cpp:7:
In file included from /Users/dkr/Worktrees/kungfu/review/codex/layer-gate-budget-macos-authoritative/framework/core/src/bindings/node/binding/config_store.h:10:
In file included from /Users/dkr/Worktrees/kungfu/review/codex/layer-gate-budget-macos-authoritative/framework/core/src/libkungfu/include/kungfu/runtime/io.h:12:
/Users/dkr/Worktrees/kungfu/review/codex/layer-gate-budget-macos-authoritative/framework/core/src/libkungfu/include/kungfu/runtime/nanomsg/socket.h:157:58: warning: field 'data_' will be initialized after field 'header_' [-Wreorder-ctor]
  157 |       : binding_(nlohmann::json::parse(msg)), msg_(msg), data_(get_meta<std::string>("data", "")),
      |                                                          ^~~~~~~~~~~~~~~~~~~~~~~~~~~~~~~~~~~~~~~~
      |                                                          header_(yijinjing::types::frame_header(msg.c_str(), msg.length()))
  158 |         header_(yijinjing::types::frame_header(msg.c_str(), msg.length())) {}
      |         ~~~~~~~~~~~~~~~~~~~~~~~~~~~~~~~~~~~~~~~~~~~~~~~~~~~~~~~~~~~~~~~~~~
      |         data_(get_meta<std::string>("data", ""))
1 warning generated.
[85/115] Building CXX object src/libkungfu/CMakeFiles/kungfu_optim.dir/src/runtime/storage/service.cpp.o
/Users/dkr/Worktrees/kungfu/review/codex/layer-gate-budget-macos-authoritative/framework/core/src/libkungfu/src/runtime/storage/service.cpp:2892:21: warning: 'writer' is deprecated: writer mapping policy is explicit [-Wdeprecated-declarations]
 2892 |       auto writer = yjj::journal::writer(location, journal.dest, true, std::make_shared<yjj::journal::noop_publisher>(),
      |                     ^
/Users/dkr/Worktrees/kungfu/review/codex/layer-gate-budget-macos-authoritative/framework/core/src/libyijinjing/include/kungfu/yijinjing/journal/journal.h:304:5: note: 'writer' has been explicitly marked deprecated here
  304 |   [[deprecated("writer mapping policy is explicit")]]
      |     ^
/Users/dkr/Worktrees/kungfu/review/codex/layer-gate-budget-macos-authoritative/framework/core/src/libkungfu/src/runtime/storage/service.cpp:2892:21: warning: 'writer' is deprecated: writer mapping policy is explicit [-Wdeprecated-declarations]
 2892 |       auto writer = yjj::journal::writer(location, journal.dest, true, std::make_shared<yjj::journal::noop_publisher>(),
      |                     ^
/Users/dkr/Worktrees/kungfu/review/codex/layer-gate-budget-macos-authoritative/framework/core/src/libyijinjing/include/kungfu/yijinjing/journal/journal.h:304:5: note: 'writer' has been explicitly marked deprecated here
  304 |   [[deprecated("writer mapping policy is explicit")]]
      |     ^
/Users/dkr/Worktrees/kungfu/review/codex/layer-gate-budget-macos-authoritative/framework/core/src/libkungfu/src/runtime/storage/service.cpp:3928:50: warning: '&&' within '||' [-Wlogical-op-parentheses]
 3927 |   if (!entry.contains("byte_len") ||
      |                                   ~~
 3928 |       !entry.at("byte_len").is_number_unsigned() && !entry.at("byte_len").is_number_integer()) {
      |       ~~~~~~~~~~~~~~~~~~~~~~~~~~~~~~~~~~~~~~~~~~~^~~~~~~~~~~~~~~~~~~~~~~~~~~~~~~~~~~~~~~~~~~~
/Users/dkr/Worktrees/kungfu/review/codex/layer-gate-budget-macos-authoritative/framework/core/src/libkungfu/src/runtime/storage/service.cpp:3928:50: note: place parentheses around the '&&' expression to silence this warning
 3928 |       !entry.at("byte_len").is_number_unsigned() && !entry.at("byte_len").is_number_integer()) {
      |                                                  ^                                           
      |       (                                                                                      )
/Users/dkr/Worktrees/kungfu/review/codex/layer-gate-budget-macos-authoritative/framework/core/src/libkungfu/src/runtime/storage/service.cpp:538:10: warning: unused function 'projection_root' [-Wunused-function]
  538 | fs::path projection_root(const std::string &runtime_dir) { return root_dir(runtime_dir) / "projections"; }
      |          ^~~~~~~~~~~~~~~
/Users/dkr/Worktrees/kungfu/review/codex/layer-gate-budget-macos-authoritative/framework/core/src/libkungfu/src/runtime/storage/service.cpp:588:6: warning: unused function 'write_bytes' [-Wunused-function]
  588 | void write_bytes(const fs::path &path, const std::string &raw) {
      |      ^~~~~~~~~~~
/Users/dkr/Worktrees/kungfu/review/codex/layer-gate-budget-macos-authoritative/framework/core/src/libkungfu/src/runtime/storage/service.cpp:1870:39: warning: unused function 'find_episode_evidence' [-Wunused-function]
 1870 | const episode_qualification_evidence *find_episode_evidence(const episode_qualification_result &result,
      |                                       ^~~~~~~~~~~~~~~~~~~~~
/Users/dkr/Worktrees/kungfu/review/codex/layer-gate-budget-macos-authoritative/framework/core/src/libkungfu/src/runtime/storage/service.cpp:2207:16: warning: unused function 'episode_fsck_impl' [-Wunused-function]
 2207 | nlohmann::json episode_fsck_impl(const storage_service_options &options) {
      |                ^~~~~~~~~~~~~~~~~
7 warnings generated.
[86/115] Linking CXX shared library Release/libkungfu.dylib
[87/115] Linking CXX executable Release/kungfu_durability_powercut_fixture
[88/115] Linking CXX executable Release/kungfu_durable_ingest_tests
[89/115] Linking CXX executable Release/kungfu_runtime_error_tests
[90/115] Linking CXX executable Release/kungfu_durability_contract_tests
[91/115] Linking CXX executable Release/kungfu_state_service_contract_tests
[92/115] Building CXX object src/bindings/node/CMakeFiles/kungfu_node.dir/binding/history.cpp.o
In file included from /Users/dkr/Worktrees/kungfu/review/codex/layer-gate-budget-macos-authoritative/framework/core/src/bindings/node/binding/history.cpp:12:
In file included from /Users/dkr/Worktrees/kungfu/review/codex/layer-gate-budget-macos-authoritative/framework/core/src/bindings/node/binding/io.h:11:
In file included from /Users/dkr/Worktrees/kungfu/review/codex/layer-gate-budget-macos-authoritative/framework/core/src/bindings/node/binding/journal.h:11:
In file included from /Users/dkr/Worktrees/kungfu/review/codex/layer-gate-budget-macos-authoritative/framework/core/src/bindings/node/binding/operators.h:14:
In file included from /Users/dkr/Worktrees/kungfu/review/codex/layer-gate-budget-macos-authoritative/framework/core/src/libkungfu/include/kungfu/runtime/live/peer.h:12:
In file included from /Users/dkr/Worktrees/kungfu/review/codex/layer-gate-budget-macos-authoritative/framework/core/src/libkungfu/include/kungfu/runtime/io.h:12:
/Users/dkr/Worktrees/kungfu/review/codex/layer-gate-budget-macos-authoritative/framework/core/src/libkungfu/include/kungfu/runtime/nanomsg/socket.h:157:58: warning: field 'data_' will be initialized after field 'header_' [-Wreorder-ctor]
  157 |       : binding_(nlohmann::json::parse(msg)), msg_(msg), data_(get_meta<std::string>("data", "")),
      |                                                          ^~~~~~~~~~~~~~~~~~~~~~~~~~~~~~~~~~~~~~~~
      |                                                          header_(yijinjing::types::frame_header(msg.c_str(), msg.length()))
  158 |         header_(yijinjing::types::frame_header(msg.c_str(), msg.length())) {}
      |         ~~~~~~~~~~~~~~~~~~~~~~~~~~~~~~~~~~~~~~~~~~~~~~~~~~~~~~~~~~~~~~~~~~
      |         data_(get_meta<std::string>("data", ""))
1 warning generated.
[93/115] Building CXX object src/bindings/node/CMakeFiles/kungfu_node.dir/binding/io.cpp.o
In file included from /Users/dkr/Worktrees/kungfu/review/codex/layer-gate-budget-macos-authoritative/framework/core/src/bindings/node/binding/io.cpp:7:
In file included from /Users/dkr/Worktrees/kungfu/review/codex/layer-gate-budget-macos-authoritative/framework/core/src/bindings/node/binding/io.h:11:
In file included from /Users/dkr/Worktrees/kungfu/review/codex/layer-gate-budget-macos-authoritative/framework/core/src/bindings/node/binding/journal.h:11:
In file included from /Users/dkr/Worktrees/kungfu/review/codex/layer-gate-budget-macos-authoritative/framework/core/src/bindings/node/binding/operators.h:14:
In file included from /Users/dkr/Worktrees/kungfu/review/codex/layer-gate-budget-macos-authoritative/framework/core/src/libkungfu/include/kungfu/runtime/live/peer.h:12:
In file included from /Users/dkr/Worktrees/kungfu/review/codex/layer-gate-budget-macos-authoritative/framework/core/src/libkungfu/include/kungfu/runtime/io.h:12:
/Users/dkr/Worktrees/kungfu/review/codex/layer-gate-budget-macos-authoritative/framework/core/src/libkungfu/include/kungfu/runtime/nanomsg/socket.h:157:58: warning: field 'data_' will be initialized after field 'header_' [-Wreorder-ctor]
  157 |       : binding_(nlohmann::json::parse(msg)), msg_(msg), data_(get_meta<std::string>("data", "")),
      |                                                          ^~~~~~~~~~~~~~~~~~~~~~~~~~~~~~~~~~~~~~~~
      |                                                          header_(yijinjing::types::frame_header(msg.c_str(), msg.length()))
  158 |         header_(yijinjing::types::frame_header(msg.c_str(), msg.length())) {}
      |         ~~~~~~~~~~~~~~~~~~~~~~~~~~~~~~~~~~~~~~~~~~~~~~~~~~~~~~~~~~~~~~~~~~
      |         data_(get_meta<std::string>("data", ""))
1 warning generated.
[94/115] Linking CXX executable Release/kungfu_crash_recovery_tests
[95/115] Linking CXX shared library Release/drone.node
[96/115] Linking CXX executable Release/kungfu_projection_bootstrap_tests
[97/115] Linking CXX executable Release/kungfu_profile_lifecycle_tests
[98/115] Building CXX object src/bindings/node/CMakeFiles/kungfu_node.dir/binding/op_restore_state.cpp.o
In file included from /Users/dkr/Worktrees/kungfu/review/codex/layer-gate-budget-macos-authoritative/framework/core/src/bindings/node/binding/op_restore_state.cpp:7:
In file included from /Users/dkr/Worktrees/kungfu/review/codex/layer-gate-budget-macos-authoritative/framework/core/src/bindings/node/binding/operators.h:14:
In file included from /Users/dkr/Worktrees/kungfu/review/codex/layer-gate-budget-macos-authoritative/framework/core/src/libkungfu/include/kungfu/runtime/live/peer.h:12:
In file included from /Users/dkr/Worktrees/kungfu/review/codex/layer-gate-budget-macos-authoritative/framework/core/src/libkungfu/include/kungfu/runtime/io.h:12:
/Users/dkr/Worktrees/kungfu/review/codex/layer-gate-budget-macos-authoritative/framework/core/src/libkungfu/include/kungfu/runtime/nanomsg/socket.h:157:58: warning: field 'data_' will be initialized after field 'header_' [-Wreorder-ctor]
  157 |       : binding_(nlohmann::json::parse(msg)), msg_(msg), data_(get_meta<std::string>("data", "")),
      |                                                          ^~~~~~~~~~~~~~~~~~~~~~~~~~~~~~~~~~~~~~~~
      |                                                          header_(yijinjing::types::frame_header(msg.c_str(), msg.length()))
  158 |         header_(yijinjing::types::frame_header(msg.c_str(), msg.length())) {}
      |         ~~~~~~~~~~~~~~~~~~~~~~~~~~~~~~~~~~~~~~~~~~~~~~~~~~~~~~~~~~~~~~~~~~
      |         data_(get_meta<std::string>("data", ""))
1 warning generated.
[99/115] Building CXX object src/bindings/node/CMakeFiles/kungfu_node.dir/binding/journal.cpp.o
In file included from /Users/dkr/Worktrees/kungfu/review/codex/layer-gate-budget-macos-authoritative/framework/core/src/bindings/node/binding/journal.cpp:7:
In file included from /Users/dkr/Worktrees/kungfu/review/codex/layer-gate-budget-macos-authoritative/framework/core/src/bindings/node/binding/journal.h:11:
In file included from /Users/dkr/Worktrees/kungfu/review/codex/layer-gate-budget-macos-authoritative/framework/core/src/bindings/node/binding/operators.h:14:
In file included from /Users/dkr/Worktrees/kungfu/review/codex/layer-gate-budget-macos-authoritative/framework/core/src/libkungfu/include/kungfu/runtime/live/peer.h:12:
In file included from /Users/dkr/Worktrees/kungfu/review/codex/layer-gate-budget-macos-authoritative/framework/core/src/libkungfu/include/kungfu/runtime/io.h:12:
/Users/dkr/Worktrees/kungfu/review/codex/layer-gate-budget-macos-authoritative/framework/core/src/libkungfu/include/kungfu/runtime/nanomsg/socket.h:157:58: warning: field 'data_' will be initialized after field 'header_' [-Wreorder-ctor]
  157 |       : binding_(nlohmann::json::parse(msg)), msg_(msg), data_(get_meta<std::string>("data", "")),
      |                                                          ^~~~~~~~~~~~~~~~~~~~~~~~~~~~~~~~~~~~~~~~
      |                                                          header_(yijinjing::types::frame_header(msg.c_str(), msg.length()))
  158 |         header_(yijinjing::types::frame_header(msg.c_str(), msg.length())) {}
      |         ~~~~~~~~~~~~~~~~~~~~~~~~~~~~~~~~~~~~~~~~~~~~~~~~~~~~~~~~~~~~~~~~~~
      |         data_(get_meta<std::string>("data", ""))
1 warning generated.
[100/115] Building CXX object src/bindings/node/CMakeFiles/kungfu_node.dir/binding/op_publish_state.cpp.o
In file included from /Users/dkr/Worktrees/kungfu/review/codex/layer-gate-budget-macos-authoritative/framework/core/src/bindings/node/binding/op_publish_state.cpp:7:
In file included from /Users/dkr/Worktrees/kungfu/review/codex/layer-gate-budget-macos-authoritative/framework/core/src/bindings/node/binding/operators.h:14:
In file included from /Users/dkr/Worktrees/kungfu/review/codex/layer-gate-budget-macos-authoritative/framework/core/src/libkungfu/include/kungfu/runtime/live/peer.h:12:
In file included from /Users/dkr/Worktrees/kungfu/review/codex/layer-gate-budget-macos-authoritative/framework/core/src/libkungfu/include/kungfu/runtime/io.h:12:
/Users/dkr/Worktrees/kungfu/review/codex/layer-gate-budget-macos-authoritative/framework/core/src/libkungfu/include/kungfu/runtime/nanomsg/socket.h:157:58: warning: field 'data_' will be initialized after field 'header_' [-Wreorder-ctor]
  157 |       : binding_(nlohmann::json::parse(msg)), msg_(msg), data_(get_meta<std::string>("data", "")),
      |                                                          ^~~~~~~~~~~~~~~~~~~~~~~~~~~~~~~~~~~~~~~~
      |                                                          header_(yijinjing::types::frame_header(msg.c_str(), msg.length()))
  158 |         header_(yijinjing::types::frame_header(msg.c_str(), msg.length())) {}
      |         ~~~~~~~~~~~~~~~~~~~~~~~~~~~~~~~~~~~~~~~~~~~~~~~~~~~~~~~~~~~~~~~~~~
      |         data_(get_meta<std::string>("data", ""))
1 warning generated.
[101/115] Building CXX object src/bindings/node/CMakeFiles/kungfu_node.dir/binding/operators.cpp.o
In file included from /Users/dkr/Worktrees/kungfu/review/codex/layer-gate-budget-macos-authoritative/framework/core/src/bindings/node/binding/operators.cpp:7:
In file included from /Users/dkr/Worktrees/kungfu/review/codex/layer-gate-budget-macos-authoritative/framework/core/src/bindings/node/binding/operators.h:14:
In file included from /Users/dkr/Worktrees/kungfu/review/codex/layer-gate-budget-macos-authoritative/framework/core/src/libkungfu/include/kungfu/runtime/live/peer.h:12:
In file included from /Users/dkr/Worktrees/kungfu/review/codex/layer-gate-budget-macos-authoritative/framework/core/src/libkungfu/include/kungfu/runtime/io.h:12:
/Users/dkr/Worktrees/kungfu/review/codex/layer-gate-budget-macos-authoritative/framework/core/src/libkungfu/include/kungfu/runtime/nanomsg/socket.h:157:58: warning: field 'data_' will be initialized after field 'header_' [-Wreorder-ctor]
  157 |       : binding_(nlohmann::json::parse(msg)), msg_(msg), data_(get_meta<std::string>("data", "")),
      |                                                          ^~~~~~~~~~~~~~~~~~~~~~~~~~~~~~~~~~~~~~~~
      |                                                          header_(yijinjing::types::frame_header(msg.c_str(), msg.length()))
  158 |         header_(yijinjing::types::frame_header(msg.c_str(), msg.length())) {}
      |         ~~~~~~~~~~~~~~~~~~~~~~~~~~~~~~~~~~~~~~~~~~~~~~~~~~~~~~~~~~~~~~~~~~
      |         data_(get_meta<std::string>("data", ""))
1 warning generated.
[102/115] Building CXX object src/bindings/node/CMakeFiles/kungfu_node.dir/binding/op_reset_cache.cpp.o
In file included from /Users/dkr/Worktrees/kungfu/review/codex/layer-gate-budget-macos-authoritative/framework/core/src/bindings/node/binding/op_reset_cache.cpp:7:
In file included from /Users/dkr/Worktrees/kungfu/review/codex/layer-gate-budget-macos-authoritative/framework/core/src/bindings/node/binding/operators.h:14:
In file included from /Users/dkr/Worktrees/kungfu/review/codex/layer-gate-budget-macos-authoritative/framework/core/src/libkungfu/include/kungfu/runtime/live/peer.h:12:
In file included from /Users/dkr/Worktrees/kungfu/review/codex/layer-gate-budget-macos-authoritative/framework/core/src/libkungfu/include/kungfu/runtime/io.h:12:
/Users/dkr/Worktrees/kungfu/review/codex/layer-gate-budget-macos-authoritative/framework/core/src/libkungfu/include/kungfu/runtime/nanomsg/socket.h:157:58: warning: field 'data_' will be initialized after field 'header_' [-Wreorder-ctor]
  157 |       : binding_(nlohmann::json::parse(msg)), msg_(msg), data_(get_meta<std::string>("data", "")),
      |                                                          ^~~~~~~~~~~~~~~~~~~~~~~~~~~~~~~~~~~~~~~~
      |                                                          header_(yijinjing::types::frame_header(msg.c_str(), msg.length()))
  158 |         header_(yijinjing::types::frame_header(msg.c_str(), msg.length())) {}
      |         ~~~~~~~~~~~~~~~~~~~~~~~~~~~~~~~~~~~~~~~~~~~~~~~~~~~~~~~~~~~~~~~~~~
      |         data_(get_meta<std::string>("data", ""))
In file included from /Users/dkr/Worktrees/kungfu/review/codex/layer-gate-budget-macos-authoritative/framework/core/src/bindings/node/binding/op_reset_cache.cpp:7:
/Users/dkr/Worktrees/kungfu/review/codex/layer-gate-budget-macos-authoritative/framework/core/src/bindings/node/binding/operators.h:384:24: warning: private field 'app_' is not used [-Wunused-private-field]
  384 |   runtime::live::peer &app_;
      |                        ^
2 warnings generated.
[103/115] Building CXX object src/bindings/node/CMakeFiles/kungfu_node.dir/binding/schema.cpp.o
In file included from /Users/dkr/Worktrees/kungfu/review/codex/layer-gate-budget-macos-authoritative/framework/core/src/bindings/node/binding/schema.cpp:10:
In file included from /Users/dkr/Worktrees/kungfu/review/codex/layer-gate-budget-macos-authoritative/framework/core/src/bindings/node/binding/schema.h:11:
In file included from /Users/dkr/Worktrees/kungfu/review/codex/layer-gate-budget-macos-authoritative/framework/core/src/bindings/node/binding/operators.h:14:
In file included from /Users/dkr/Worktrees/kungfu/review/codex/layer-gate-budget-macos-authoritative/framework/core/src/libkungfu/include/kungfu/runtime/live/peer.h:12:
In file included from /Users/dkr/Worktrees/kungfu/review/codex/layer-gate-budget-macos-authoritative/framework/core/src/libkungfu/include/kungfu/runtime/io.h:12:
/Users/dkr/Worktrees/kungfu/review/codex/layer-gate-budget-macos-authoritative/framework/core/src/libkungfu/include/kungfu/runtime/nanomsg/socket.h:157:58: warning: field 'data_' will be initialized after field 'header_' [-Wreorder-ctor]
  157 |       : binding_(nlohmann::json::parse(msg)), msg_(msg), data_(get_meta<std::string>("data", "")),
      |                                                          ^~~~~~~~~~~~~~~~~~~~~~~~~~~~~~~~~~~~~~~~
      |                                                          header_(yijinjing::types::frame_header(msg.c_str(), msg.length()))
  158 |         header_(yijinjing::types::frame_header(msg.c_str(), msg.length())) {}
      |         ~~~~~~~~~~~~~~~~~~~~~~~~~~~~~~~~~~~~~~~~~~~~~~~~~~~~~~~~~~~~~~~~~~
      |         data_(get_meta<std::string>("data", ""))
1 warning generated.
[104/115] Building CXX object src/bindings/node/CMakeFiles/kungfu_node.dir/binding/tracer.cpp.o
In file included from /Users/dkr/Worktrees/kungfu/review/codex/layer-gate-budget-macos-authoritative/framework/core/src/bindings/node/binding/tracer.cpp:1:
In file included from /Users/dkr/Worktrees/kungfu/review/codex/layer-gate-budget-macos-authoritative/framework/core/src/bindings/node/binding/io.h:11:
In file included from /Users/dkr/Worktrees/kungfu/review/codex/layer-gate-budget-macos-authoritative/framework/core/src/bindings/node/binding/journal.h:11:
In file included from /Users/dkr/Worktrees/kungfu/review/codex/layer-gate-budget-macos-authoritative/framework/core/src/bindings/node/binding/operators.h:14:
In file included from /Users/dkr/Worktrees/kungfu/review/codex/layer-gate-budget-macos-authoritative/framework/core/src/libkungfu/include/kungfu/runtime/live/peer.h:12:
In file included from /Users/dkr/Worktrees/kungfu/review/codex/layer-gate-budget-macos-authoritative/framework/core/src/libkungfu/include/kungfu/runtime/io.h:12:
/Users/dkr/Worktrees/kungfu/review/codex/layer-gate-budget-macos-authoritative/framework/core/src/libkungfu/include/kungfu/runtime/nanomsg/socket.h:157:58: warning: field 'data_' will be initialized after field 'header_' [-Wreorder-ctor]
  157 |       : binding_(nlohmann::json::parse(msg)), msg_(msg), data_(get_meta<std::string>("data", "")),
      |                                                          ^~~~~~~~~~~~~~~~~~~~~~~~~~~~~~~~~~~~~~~~
      |                                                          header_(yijinjing::types::frame_header(msg.c_str(), msg.length()))
  158 |         header_(yijinjing::types::frame_header(msg.c_str(), msg.length())) {}
      |         ~~~~~~~~~~~~~~~~~~~~~~~~~~~~~~~~~~~~~~~~~~~~~~~~~~~~~~~~~~~~~~~~~~
      |         data_(get_meta<std::string>("data", ""))
1 warning generated.
[105/115] Building CXX object src/bindings/python/CMakeFiles/pykungfu.dir/binding/py-yijinjing-enums.cpp.o
[106/115] Building CXX object src/bindings/node/CMakeFiles/kungfu_node.dir/binding/watcher.cpp.o
In file included from /Users/dkr/Worktrees/kungfu/review/codex/layer-gate-budget-macos-authoritative/framework/core/src/bindings/node/binding/watcher.cpp:7:
In file included from /Users/dkr/Worktrees/kungfu/review/codex/layer-gate-budget-macos-authoritative/framework/core/src/bindings/node/binding/watcher.h:14:
In file included from /Users/dkr/Worktrees/kungfu/review/codex/layer-gate-budget-macos-authoritative/framework/core/src/bindings/node/binding/io.h:11:
In file included from /Users/dkr/Worktrees/kungfu/review/codex/layer-gate-budget-macos-authoritative/framework/core/src/bindings/node/binding/journal.h:11:
In file included from /Users/dkr/Worktrees/kungfu/review/codex/layer-gate-budget-macos-authoritative/framework/core/src/bindings/node/binding/operators.h:14:
In file included from /Users/dkr/Worktrees/kungfu/review/codex/layer-gate-budget-macos-authoritative/framework/core/src/libkungfu/include/kungfu/runtime/live/peer.h:12:
In file included from /Users/dkr/Worktrees/kungfu/review/codex/layer-gate-budget-macos-authoritative/framework/core/src/libkungfu/include/kungfu/runtime/io.h:12:
/Users/dkr/Worktrees/kungfu/review/codex/layer-gate-budget-macos-authoritative/framework/core/src/libkungfu/include/kungfu/runtime/nanomsg/socket.h:157:58: warning: field 'data_' will be initialized after field 'header_' [-Wreorder-ctor]
  157 |       : binding_(nlohmann::json::parse(msg)), msg_(msg), data_(get_meta<std::string>("data", "")),
      |                                                          ^~~~~~~~~~~~~~~~~~~~~~~~~~~~~~~~~~~~~~~~
      |                                                          header_(yijinjing::types::frame_header(msg.c_str(), msg.length()))
  158 |         header_(yijinjing::types::frame_header(msg.c_str(), msg.length())) {}
      |         ~~~~~~~~~~~~~~~~~~~~~~~~~~~~~~~~~~~~~~~~~~~~~~~~~~~~~~~~~~~~~~~~~~
      |         data_(get_meta<std::string>("data", ""))
1 warning generated.
[107/115] Building CXX object src/bindings/node/CMakeFiles/kungfu_node.dir/binding/kungfu_node.cpp.o
In file included from /Users/dkr/Worktrees/kungfu/review/codex/layer-gate-budget-macos-authoritative/framework/core/src/bindings/node/binding/kungfu_node.cpp:48:
In file included from /Users/dkr/Worktrees/kungfu/review/codex/layer-gate-budget-macos-authoritative/framework/core/src/libkungfu/include/kungfu/runtime/io.h:12:
/Users/dkr/Worktrees/kungfu/review/codex/layer-gate-budget-macos-authoritative/framework/core/src/libkungfu/include/kungfu/runtime/nanomsg/socket.h:157:58: warning: field 'data_' will be initialized after field 'header_' [-Wreorder-ctor]
  157 |       : binding_(nlohmann::json::parse(msg)), msg_(msg), data_(get_meta<std::string>("data", "")),
      |                                                          ^~~~~~~~~~~~~~~~~~~~~~~~~~~~~~~~~~~~~~~~
      |                                                          header_(yijinjing::types::frame_header(msg.c_str(), msg.length()))
  158 |         header_(yijinjing::types::frame_header(msg.c_str(), msg.length())) {}
      |         ~~~~~~~~~~~~~~~~~~~~~~~~~~~~~~~~~~~~~~~~~~~~~~~~~~~~~~~~~~~~~~~~~~
      |         data_(get_meta<std::string>("data", ""))
1 warning generated.
[108/115] Linking CXX shared library Release/kungfu_node.node
[109/115] Building CXX object src/bindings/python/CMakeFiles/pykungfu.dir/binding/py-yijinjing-types.cpp.o
[110/115] Building CXX object src/bindings/python/CMakeFiles/pykungfu.dir/binding/py-runtime.cpp.o
In file included from /Users/dkr/Worktrees/kungfu/review/codex/layer-gate-budget-macos-authoritative/framework/core/src/bindings/python/binding/py-runtime.cpp:14:
In file included from /Users/dkr/Worktrees/kungfu/review/codex/layer-gate-budget-macos-authoritative/framework/core/src/libkungfu/include/kungfu/runtime/io.h:12:
/Users/dkr/Worktrees/kungfu/review/codex/layer-gate-budget-macos-authoritative/framework/core/src/libkungfu/include/kungfu/runtime/nanomsg/socket.h:157:58: warning: field 'data_' will be initialized after field 'header_' [-Wreorder-ctor]
  157 |       : binding_(nlohmann::json::parse(msg)), msg_(msg), data_(get_meta<std::string>("data", "")),
      |                                                          ^~~~~~~~~~~~~~~~~~~~~~~~~~~~~~~~~~~~~~~~
      |                                                          header_(yijinjing::types::frame_header(msg.c_str(), msg.length()))
  158 |         header_(yijinjing::types::frame_header(msg.c_str(), msg.length())) {}
      |         ~~~~~~~~~~~~~~~~~~~~~~~~~~~~~~~~~~~~~~~~~~~~~~~~~~~~~~~~~~~~~~~~~~
      |         data_(get_meta<std::string>("data", ""))
1 warning generated.
[111/115] Linking CXX shared library Release/pykungfu.cpython-313-darwin.so
[112/115] Building production Wasmtime libwasm adapter
   Compiling proc-macro2 v1.0.106
   Compiling unicode-ident v1.0.24
   Compiling quote v1.0.46
   Compiling serde_core v1.0.228
   Compiling libm v0.2.16
   Compiling serde v1.0.228
   Compiling foldhash v0.2.0
   Compiling version_check v0.9.5
   Compiling wasmtime-internal-core v46.0.1
   Compiling libc v0.2.186
   Compiling cranelift-srcgen v0.133.1
   Compiling typenum v1.20.1
   Compiling cfg-if v1.0.4
   Compiling equivalent v1.0.2
   Compiling thiserror v2.0.18
   Compiling cranelift-isle v0.133.1
   Compiling allocator-api2 v0.2.21
   Compiling log v0.4.33
   Compiling target-lexicon v0.13.5
   Compiling cranelift-codegen-shared v0.133.1
   Compiling cranelift-assembler-x64-meta v0.133.1
   Compiling hashbrown v0.17.1
   Compiling heck v0.5.0
   Compiling leb128fmt v0.1.0
   Compiling hashbrown v0.16.1
   Compiling generic-array v0.14.7
   Compiling fnv v1.0.7
   Compiling bumpalo v3.20.3
   Compiling bitflags v2.13.0
   Compiling rustc-hash v2.1.3
   Compiling anyhow v1.0.103
   Compiling memchr v2.8.3
   Compiling arbitrary v1.4.2
   Compiling crc32fast v1.5.0
   Compiling object v0.39.1
   Compiling termcolor v1.4.1
   Compiling wasm-encoder v0.251.0
   Compiling wasmtime-internal-component-util v46.0.1
   Compiling find-msvc-tools v0.1.9
   Compiling wasmtime-internal-unwinder v46.0.1
   Compiling shlex v2.0.1
   Compiling either v1.16.0
   Compiling cc v1.2.66
   Compiling rustix v1.1.4
   Compiling wasmtime-internal-cranelift v46.0.1
   Compiling cranelift-assembler-x64 v0.133.1
   Compiling cranelift-control v0.133.1
   Compiling itertools v0.14.0
   Compiling wasm-encoder v0.253.0
   Compiling unicode-width v0.2.2
   Compiling foldhash v0.1.5
   Compiling wasmparser v0.240.0
   Compiling cranelift-bitset v0.133.1
   Compiling wast v253.0.0
   Compiling mach2 v0.6.0
   Compiling once_cell v1.21.4
   Compiling syn v2.0.118
   Compiling semver v1.0.28
   Compiling cpufeatures v0.2.17
   Compiling errno v0.3.14
   Compiling crypto-common v0.1.7
   Compiling block-buffer v0.10.4
   Compiling digest v0.10.7
   Compiling indexmap v2.14.0
   Compiling sha2 v0.10.9
   Compiling gimli v0.33.0
   Compiling serde_derive v1.0.228
   Compiling pulley-macros v46.0.1
   Compiling thiserror-impl v2.0.18
   Compiling wasmtime-internal-versioned-export-macros v46.0.1
   Compiling async-trait v0.1.89
   Compiling wasmtime v46.0.1
   Compiling pulley-interpreter v46.0.1
   Compiling cranelift-codegen-meta v0.133.1
   Compiling cobs v0.3.0
   Compiling wat v1.253.0
   Compiling smallvec v1.15.2
   Compiling postcard v1.1.3
   Compiling wasmparser v0.251.0
   Compiling hashbrown v0.15.5
   Compiling regalloc2 v0.15.1
   Compiling wasmtime-internal-jit-icache-coherence v46.0.1
   Compiling cranelift-codegen v0.133.1
   Compiling cranelift-entity v0.133.1
   Compiling cranelift-bforest v0.133.1
   Compiling wasmprinter v0.251.0
   Compiling wasmtime-environ v46.0.1
   Compiling cranelift-frontend v0.133.1
   Compiling cranelift-native v0.133.1
   Compiling kungfu-libwasm-wasmtime v4.0.0-alpha.0 (/Users/dkr/Worktrees/kungfu/review/codex/layer-gate-budget-macos-authoritative/crates/libwasm/wasmtime)
    Finished `release` profile [optimized] target(s) in 2m 06s
[113/115] Building production Wasmer libwasm adapter
   Compiling proc-macro2 v1.0.106
   Compiling unicode-ident v1.0.24
   Compiling quote v1.0.46
   Compiling libc v0.2.186
   Compiling cfg-if v1.0.4
   Compiling foldhash v0.2.0
   Compiling serde_core v1.0.228
   Compiling typenum v1.20.1
   Compiling crossbeam-utils v0.8.22
   Compiling equivalent v1.0.2
   Compiling cranelift-srcgen v0.133.1
   Compiling autocfg v1.5.1
   Compiling smallvec v1.15.2
   Compiling fnv v1.0.7
   Compiling ident_case v1.0.1
   Compiling libm v0.2.16
   Compiling memchr v2.8.3
   Compiling wasmtime-internal-core v46.0.0
   Compiling crc32fast v1.5.0
   Compiling target-lexicon v0.13.5
   Compiling stable_deref_trait v1.2.1
   Compiling getrandom v0.4.3
   Compiling thiserror v2.0.18
   Compiling hashbrown v0.17.1
   Compiling bitflags v2.13.0
   Compiling once_cell v1.21.4
   Compiling cranelift-isle v0.133.0
   Compiling cranelift-assembler-x64-meta v0.133.1
   Compiling simdutf8 v0.1.5
   Compiling scopeguard v1.2.0
   Compiling simd-adler32 v0.3.9
   Compiling adler2 v2.0.1
   Compiling glob v0.3.3
   Compiling crossbeam-epoch v0.9.20
   Compiling allocator-api2 v0.2.21
   Compiling parking_lot_core v0.9.12
   Compiling miniz_oxide v0.8.9
   Compiling clang-sys v1.8.1
   Compiling bumpalo v3.20.3
   Compiling hybrid-array v0.4.13
   Compiling either v1.16.0
   Compiling object v0.37.3
   Compiling prettyplease v0.2.37
   Compiling hashbrown v0.16.1
   Compiling block-buffer v0.12.1
   Compiling crypto-common v0.2.2
   Compiling heck v0.5.0
   Compiling const-oid v0.10.2
   Compiling crossbeam-deque v0.8.7
   Compiling cranelift-codegen-shared v0.133.1
   Compiling bytes v1.12.1
   Compiling rustix v1.1.4
   Compiling cranelift-codegen-meta v0.133.1
   Compiling cranelift-assembler-x64 v0.133.1
   Compiling digest v0.11.3
   Compiling lock_api v0.4.14
   Compiling memoffset v0.9.1
   Compiling corosensei v0.3.4
   Compiling minimal-lexical v0.2.1
   Compiling regex-syntax v0.8.11
   Compiling rayon-core v1.13.0
   Compiling rustc-demangle v0.1.28
   Compiling syn v2.0.118
   Compiling gimli v0.32.3
   Compiling version_check v0.9.5
   Compiling zerocopy v0.8.54
   Compiling generic-array v0.14.7
   Compiling regex-automata v0.4.15
   Compiling nom v7.1.3
   Compiling cpufeatures v0.3.0
   Compiling errno v0.3.14
   Compiling sha2 v0.11.0
   Compiling memmap2 v0.9.11
   Compiling cranelift-bitset v0.133.0
   Compiling mach2 v0.4.3
   Compiling cranelift-entity v0.133.0
   Compiling addr2line v0.25.1
   Compiling itertools v0.15.0
   Compiling libloading v0.8.9
   Compiling darling_core v0.21.3
   Compiling bitflags v1.3.2
   Compiling find-msvc-tools v0.1.9
   Compiling rustc-hash v2.1.3
   Compiling twox-hash v2.1.2
   Compiling shlex v2.0.1
   Compiling indexmap v2.14.0
   Compiling arbitrary v1.4.2
   Compiling object v0.39.1
   Compiling ptr_meta_derive v0.3.1
   Compiling bytecheck_derive v0.8.2
   Compiling ptr_meta v0.3.1
   Compiling munge_macro v0.4.7
   Compiling thiserror-impl v2.0.18
   Compiling gimli v0.33.0
   Compiling enum-iterator-derive v1.5.0
   Compiling munge v0.4.7
   Compiling rkyv_derive v0.8.17
   Compiling cranelift-codegen v0.133.0
   Compiling darling_macro v0.21.3
   Compiling bindgen v0.72.1
   Compiling darling v0.21.3
   Compiling hex v0.4.3
   Compiling enum-iterator v2.3.0
   Compiling more-asserts v0.3.1
   Compiling hashbrown v0.14.5
   Compiling log v0.4.33
   Compiling regalloc2 v0.15.1
   Compiling dashmap v6.2.1
   Compiling itertools v0.13.0
   Compiling parking_lot v0.12.5
   Compiling cranelift-control v0.133.1
   Compiling zerocopy-derive v0.8.54
   Compiling xattr v1.6.1
   Compiling cc v1.2.66
   Compiling ruzstd v0.8.3
   Compiling region v3.0.2
   Compiling cexpr v0.6.0
   Compiling cranelift-bforest v0.133.0
   Compiling regex v1.13.0
   Compiling memmap2 v0.6.2
   Compiling filetime v0.2.29
   Compiling crossbeam-queue v0.3.13
   Compiling flate2 v1.1.9
   Compiling mach2 v0.6.0
   Compiling libunwind v1.3.3
   Compiling shlex v1.3.0
   Compiling cpp_demangle v0.4.5
   Compiling fastrand v2.4.1
   Compiling bytesize v2.4.2
   Compiling uuid v1.23.4
   Compiling unicode-segmentation v1.13.3
   Compiling debugid v0.8.0
   Compiling convert_case v0.10.0
   Compiling rayon v1.12.0
   Compiling tar v0.4.46
   Compiling shared-buffer v0.1.4
   Compiling backtrace v0.3.76
   Compiling cmake v0.1.58
   Compiling tracing-attributes v0.1.31
   Compiling which v8.0.4
   Compiling proc-macro-error-attr2 v2.0.0
   Compiling crossbeam-channel v0.5.16
   Compiling tempfile v3.27.0
   Compiling wasmparser v0.252.0
   Compiling tracing-core v0.1.36
   Compiling pin-project-lite v0.2.17
   Compiling rangemap v1.7.1
   Compiling paste v1.0.15
   Compiling self_cell v1.2.2
   Compiling symbolic-demangle v13.9.0
   Compiling leb128 v0.2.7
   Compiling unicode-xid v0.2.6
   Compiling serde v1.0.228
   Compiling tracing v0.1.44
   Compiling derive_more-impl v2.1.1
   Compiling proc-macro-error2 v2.0.1
   Compiling rancor v0.1.2
   Compiling symbolic-common v13.9.0
   Compiling bytecheck v0.8.2
   Compiling itoa v1.0.18
   Compiling leb128fmt v0.1.0
   Compiling unicode-width v0.2.2
   Compiling wasm-encoder v0.253.0
   Compiling foldhash v0.1.5
   Compiling wasmparser v0.240.0
   Compiling cpufeatures v0.2.17
   Compiling semver v1.0.28
   Compiling enumset_derive v0.15.0
   Compiling derive_more v2.1.1
   Compiling wast v253.0.0
   Compiling macho-unwind-info v0.5.0
   Compiling enumset v1.1.13
   Compiling block-buffer v0.10.4
   Compiling crypto-common v0.1.7
   Compiling digest v0.10.7
   Compiling sha2 v0.10.9
   Compiling wat v1.253.0
   Compiling wasmer v7.2.0
   Compiling wasmer-derive v7.2.0
   Compiling hashbrown v0.15.5
   Compiling rend v0.5.4
   Compiling rkyv v0.8.17
   Compiling wasmer-types v7.2.0
   Compiling wasmer-vm v7.2.0
   Compiling wasmer-compiler v7.2.0
   Compiling cranelift-frontend v0.133.0
   Compiling wasmer-compiler-cranelift v7.2.0
   Compiling wasmer-middlewares v7.2.0
   Compiling kungfu-libwasm-wasmer v4.0.0-alpha.0 (/Users/dkr/Worktrees/kungfu/review/codex/layer-gate-budget-macos-authoritative/crates/libwasm/wasmer)
    Finished `release` profile [optimized] target(s) in 1m 57s
[114/115] Building CXX object src/libwasm/CMakeFiles/kungfu_wasm_host.dir/host.cpp.o
[115/115] Linking CXX executable Release/kungfu-wasm-host
conanfile.py (kungfu-core/4.0.0-alpha.0): cmake-js build done
INFO TOOL Using Ninja generator, because ninja is available.
INFO CMD CONFIGURE
INFO RUN [
  'cmake',
  '/Users/dkr/Worktrees/kungfu/review/codex/layer-gate-budget-macos-authoritative/framework/core',
  '--no-warn-unused-cli',
  '-G',
  'Ninja',
  '-DCMAKE_JS_VERSION=8.0.0',
  '-DCMAKE_BUILD_TYPE=Release',
  '-DCMAKE_LIBRARY_OUTPUT_DIRECTORY=/Users/dkr/Worktrees/kungfu/review/codex/layer-gate-budget-macos-authoritative/framework/core/build/Release',
  '-DCMAKE_MSVC_RUNTIME_LIBRARY=MultiThreaded$<$<CONFIG:Debug>:Debug>',
  '-DCMAKE_JS_INC=/Users/dkr/.cmake-js/electron-arm64/v42.5.0/include/node',
  '-DCMAKE_JS_SRC=',
  '-DNODE_RUNTIME=electron',
  '-DNODE_RUNTIMEVERSION=42.5.0',
  '-DNODE_ARCH=arm64',
  '-DCMAKE_OSX_ARCHITECTURES=arm64',
  '-DCMAKE_TOOLCHAIN_FILE=/Users/dkr/Worktrees/kungfu/review/codex/layer-gate-budget-macos-authoritative/framework/core/build/conan_toolchain.cmake',
  '-DCMAKE_BUILD_TYPE=Release',
  '-DPYTHON_EXECUTABLE=/Users/dkr/Worktrees/kungfu/review/codex/layer-gate-budget-macos-authoritative/framework/core/.venv/bin/python3',
  '-DSPDLOG_LOG_LEVEL_COMPILE=SPDLOG_LEVEL_TRACE',
  '-DCMAKE_BUILD_PARALLEL_LEVEL=20',
  '-DCMAKE_JS_LIB=',
  '-DCMAKE_CXX_FLAGS=-D_DARWIN_USE_64_BIT_INODE=1 -D_LARGEFILE_SOURCE -D_FILE_OFFSET_BITS=64 -DBUILDING_NODE_EXTENSION',
  '-DCMAKE_SHARED_LINKER_FLAGS=-undefined dynamic_lookup'
]
Not searching for unused variables given on the command line.
-- Using Conan toolchain: /Users/dkr/Worktrees/kungfu/review/codex/layer-gate-budget-macos-authoritative/framework/core/build/conan_toolchain.cmake
-- Conan toolchain: Defining libcxx as C++ flags: -stdlib=libc++
-- Conan toolchain: C++ Standard 23 with extensions OFF
-- compiler cache launcher: /opt/homebrew/bin/ccache
-- Kungfu toolchain contract: C++23, AppleClang 21.0.0.21000101, CMake 4.3.2, Ninja 1.13.0.git.kitware.jobserver-pipe-1
-- Conan: Component target declared 'fmt::fmt-header-only'
-- Conan: Component target declared 'spdlog::spdlog_header_only'
-- Conan: Target declared 'nlohmann_json::nlohmann_json'
-- Conan: Target declared 'nng::nng'
-- Conan: Component target declared 'flatbuffers::libflatbuffers'
-- Conan: Target declared 'flatbuffers::flatbuffers'
-- Conan: Including build module from '/Users/dkr/.conan2/p/b/flatb8b96de27f05d9/p/lib/cmake/FlatcTargets.cmake'
-- Conan: Including build module from '/Users/dkr/.conan2/p/b/flatb8b96de27f05d9/p/lib/cmake/BuildFlatBuffers.cmake'
-- Conan: Target declared 'rxcpp::rxcpp'
-- Conan: Component target declared 'SQLite::SQLite3'
-- Conan: Component target declared 'RocksDB::rocksdb'
-- Conan: Component target declared 'xxHash::xxhash'
-- Conan: Target declared 'tabulate::tabulate'
CMake Deprecation Warning at CMakeLists.txt:33 (cmake_policy):
  The OLD behavior for policy CMP0148 will be removed from a future version
  of CMake.

  The cmake-policies(7) manual explains that the OLD behaviors of all
  policies are deprecated and that a policy should be set to OLD only under
  specific short-term circumstances.  Projects should be ported to the NEW
  behavior and not rely on setting a policy to OLD.


-- Conan: Component target declared 'pybind11::headers'
-- Conan: Component target declared 'pybind11::pybind11'
-- Conan: Component target declared 'pybind11::embed'
-- Conan: Component target declared 'pybind11::module'
-- Conan: Component target declared 'pybind11::python_link_helper'
-- Conan: Component target declared 'pybind11::windows_extras'
-- Conan: Component target declared 'pybind11::lto'
-- Conan: Component target declared 'pybind11::thin_lto'
-- Conan: Component target declared 'pybind11::opt_size'
-- Conan: Component target declared 'pybind11::python2_no_register'
-- Conan: Target declared 'pybind11_all_do_not_use'
-- Conan: Including build module from '/Users/dkr/.conan2/p/pybin9183fffcad0dc/p/lib/cmake/pybind11/pybind11Common.cmake'
CMake Deprecation Warning at /Users/dkr/.conan2/p/pybin9183fffcad0dc/p/lib/cmake/pybind11/FindPythonLibsNew.cmake:110 (cmake_policy):
  The OLD behavior for policy CMP0148 will be removed from a future version
  of CMake.

  The cmake-policies(7) manual explains that the OLD behaviors of all
  policies are deprecated and that a policy should be set to OLD only under
  specific short-term circumstances.  Projects should be ported to the NEW
  behavior and not rely on setting a policy to OLD.
Call Stack (most recent call first):
  /Users/dkr/.conan2/p/pybin9183fffcad0dc/p/lib/cmake/pybind11/pybind11Tools.cmake:50 (find_package)
  /Users/dkr/.conan2/p/pybin9183fffcad0dc/p/lib/cmake/pybind11/pybind11Common.cmake:228 (include)
  build/pybind11-config.cmake:41 (include)
  CMakeLists.txt:34 (find_package)


-- Enabled libkungfu
-- Enabled production libwasm runtime
-- libwasm Cargo cache: wasmtime=v1-3161772ea397-75cd5acec0de-1c32de1d-0cfb57a0a4d5 (/Users/dkr/.cache/kungfu/libwasm/cargo-target/wasmtime/release/v1-3161772ea397-75cd5acec0de-1c32de1d-0cfb57a0a4d5), wasmer=v1-3161772ea397-75cd5acec0de-bea854f0-c1daa543fcfd (/Users/dkr/.cache/kungfu/libwasm/cargo-target/wasmer/release/v1-3161772ea397-75cd5acec0de-bea854f0-c1daa543fcfd)
-- Enabled node bindings/runtime host
-- Configuring for node bindings
-- Include node-addon-api headers from [/Users/dkr/Worktrees/kungfu/review/codex/layer-gate-budget-macos-authoritative/node_modules/.pnpm/node-addon-api@8.9.0/node_modules/node-addon-api]
-- Include node-js headers from [/Users/dkr/.cmake-js/electron-arm64/v42.5.0/include/node]
-- Include libnode headers from /Users/dkr/Worktrees/kungfu/review/codex/layer-gate-budget-macos-authoritative/.buildchain/libnode-platform/darwin-arm64/node_modules/@kungfu-tech/libnode-darwin-arm64/dist/node/include
-- Configuring for node binding kungfu_electron
-- Configuring done (0.5s)
-- Generating done (0.1s)
-- Build files have been written to: /Users/dkr/Worktrees/kungfu/review/codex/layer-gate-budget-macos-authoritative/framework/core/build
conanfile.py (kungfu-core/4.0.0-alpha.0): cmake-js configure done
INFO TOOL Using Ninja generator, because ninja is available.
INFO CMD BUILD
INFO RUN [
  'cmake',
  '--build',
  '/Users/dkr/Worktrees/kungfu/review/codex/layer-gate-budget-macos-authoritative/framework/core/build',
  '--config',
  'Release',
  '--parallel',
  20
]
[1/16] Building CXX object src/bindings/node/CMakeFiles/kungfu_electron.dir/binding/app_container.cpp.o
[2/16] Building CXX object src/bindings/node/CMakeFiles/kungfu_electron.dir/binding/data_table.cpp.o
[3/16] Building CXX object src/bindings/node/CMakeFiles/kungfu_electron.dir/binding/action_recorder.cpp.o
[4/16] Building CXX object src/bindings/node/CMakeFiles/kungfu_electron.dir/binding/op_reset_cache.cpp.o
In file included from /Users/dkr/Worktrees/kungfu/review/codex/layer-gate-budget-macos-authoritative/framework/core/src/bindings/node/binding/op_reset_cache.cpp:7:
In file included from /Users/dkr/Worktrees/kungfu/review/codex/layer-gate-budget-macos-authoritative/framework/core/src/bindings/node/binding/operators.h:14:
In file included from /Users/dkr/Worktrees/kungfu/review/codex/layer-gate-budget-macos-authoritative/framework/core/src/libkungfu/include/kungfu/runtime/live/peer.h:12:
In file included from /Users/dkr/Worktrees/kungfu/review/codex/layer-gate-budget-macos-authoritative/framework/core/src/libkungfu/include/kungfu/runtime/io.h:12:
/Users/dkr/Worktrees/kungfu/review/codex/layer-gate-budget-macos-authoritative/framework/core/src/libkungfu/include/kungfu/runtime/nanomsg/socket.h:157:58: warning: field 'data_' will be initialized after field 'header_' [-Wreorder-ctor]
  157 |       : binding_(nlohmann::json::parse(msg)), msg_(msg), data_(get_meta<std::string>("data", "")),
      |                                                          ^~~~~~~~~~~~~~~~~~~~~~~~~~~~~~~~~~~~~~~~
      |                                                          header_(yijinjing::types::frame_header(msg.c_str(), msg.length()))
  158 |         header_(yijinjing::types::frame_header(msg.c_str(), msg.length())) {}
      |         ~~~~~~~~~~~~~~~~~~~~~~~~~~~~~~~~~~~~~~~~~~~~~~~~~~~~~~~~~~~~~~~~~~
      |         data_(get_meta<std::string>("data", ""))
In file included from /Users/dkr/Worktrees/kungfu/review/codex/layer-gate-budget-macos-authoritative/framework/core/src/bindings/node/binding/op_reset_cache.cpp:7:
/Users/dkr/Worktrees/kungfu/review/codex/layer-gate-budget-macos-authoritative/framework/core/src/bindings/node/binding/operators.h:384:24: warning: private field 'app_' is not used [-Wunused-private-field]
  384 |   runtime::live::peer &app_;
      |                        ^
2 warnings generated.
[5/16] Building CXX object src/bindings/node/CMakeFiles/kungfu_electron.dir/binding/operators.cpp.o
In file included from /Users/dkr/Worktrees/kungfu/review/codex/layer-gate-budget-macos-authoritative/framework/core/src/bindings/node/binding/operators.cpp:7:
In file included from /Users/dkr/Worktrees/kungfu/review/codex/layer-gate-budget-macos-authoritative/framework/core/src/bindings/node/binding/operators.h:14:
In file included from /Users/dkr/Worktrees/kungfu/review/codex/layer-gate-budget-macos-authoritative/framework/core/src/libkungfu/include/kungfu/runtime/live/peer.h:12:
In file included from /Users/dkr/Worktrees/kungfu/review/codex/layer-gate-budget-macos-authoritative/framework/core/src/libkungfu/include/kungfu/runtime/io.h:12:
/Users/dkr/Worktrees/kungfu/review/codex/layer-gate-budget-macos-authoritative/framework/core/src/libkungfu/include/kungfu/runtime/nanomsg/socket.h:157:58: warning: field 'data_' will be initialized after field 'header_' [-Wreorder-ctor]
  157 |       : binding_(nlohmann::json::parse(msg)), msg_(msg), data_(get_meta<std::string>("data", "")),
      |                                                          ^~~~~~~~~~~~~~~~~~~~~~~~~~~~~~~~~~~~~~~~
      |                                                          header_(yijinjing::types::frame_header(msg.c_str(), msg.length()))
  158 |         header_(yijinjing::types::frame_header(msg.c_str(), msg.length())) {}
      |         ~~~~~~~~~~~~~~~~~~~~~~~~~~~~~~~~~~~~~~~~~~~~~~~~~~~~~~~~~~~~~~~~~~
      |         data_(get_meta<std::string>("data", ""))
1 warning generated.
[6/16] Building CXX object src/bindings/node/CMakeFiles/kungfu_electron.dir/binding/tracer.cpp.o
In file included from /Users/dkr/Worktrees/kungfu/review/codex/layer-gate-budget-macos-authoritative/framework/core/src/bindings/node/binding/tracer.cpp:1:
In file included from /Users/dkr/Worktrees/kungfu/review/codex/layer-gate-budget-macos-authoritative/framework/core/src/bindings/node/binding/io.h:11:
In file included from /Users/dkr/Worktrees/kungfu/review/codex/layer-gate-budget-macos-authoritative/framework/core/src/bindings/node/binding/journal.h:11:
In file included from /Users/dkr/Worktrees/kungfu/review/codex/layer-gate-budget-macos-authoritative/framework/core/src/bindings/node/binding/operators.h:14:
In file included from /Users/dkr/Worktrees/kungfu/review/codex/layer-gate-budget-macos-authoritative/framework/core/src/libkungfu/include/kungfu/runtime/live/peer.h:12:
In file included from /Users/dkr/Worktrees/kungfu/review/codex/layer-gate-budget-macos-authoritative/framework/core/src/libkungfu/include/kungfu/runtime/io.h:12:
/Users/dkr/Worktrees/kungfu/review/codex/layer-gate-budget-macos-authoritative/framework/core/src/libkungfu/include/kungfu/runtime/nanomsg/socket.h:157:58: warning: field 'data_' will be initialized after field 'header_' [-Wreorder-ctor]
  157 |       : binding_(nlohmann::json::parse(msg)), msg_(msg), data_(get_meta<std::string>("data", "")),
      |                                                          ^~~~~~~~~~~~~~~~~~~~~~~~~~~~~~~~~~~~~~~~
      |                                                          header_(yijinjing::types::frame_header(msg.c_str(), msg.length()))
  158 |         header_(yijinjing::types::frame_header(msg.c_str(), msg.length())) {}
      |         ~~~~~~~~~~~~~~~~~~~~~~~~~~~~~~~~~~~~~~~~~~~~~~~~~~~~~~~~~~~~~~~~~~
      |         data_(get_meta<std::string>("data", ""))
1 warning generated.
[7/16] Building CXX object src/bindings/node/CMakeFiles/kungfu_electron.dir/binding/io.cpp.o
In file included from /Users/dkr/Worktrees/kungfu/review/codex/layer-gate-budget-macos-authoritative/framework/core/src/bindings/node/binding/io.cpp:7:
In file included from /Users/dkr/Worktrees/kungfu/review/codex/layer-gate-budget-macos-authoritative/framework/core/src/bindings/node/binding/io.h:11:
In file included from /Users/dkr/Worktrees/kungfu/review/codex/layer-gate-budget-macos-authoritative/framework/core/src/bindings/node/binding/journal.h:11:
In file included from /Users/dkr/Worktrees/kungfu/review/codex/layer-gate-budget-macos-authoritative/framework/core/src/bindings/node/binding/operators.h:14:
In file included from /Users/dkr/Worktrees/kungfu/review/codex/layer-gate-budget-macos-authoritative/framework/core/src/libkungfu/include/kungfu/runtime/live/peer.h:12:
In file included from /Users/dkr/Worktrees/kungfu/review/codex/layer-gate-budget-macos-authoritative/framework/core/src/libkungfu/include/kungfu/runtime/io.h:12:
/Users/dkr/Worktrees/kungfu/review/codex/layer-gate-budget-macos-authoritative/framework/core/src/libkungfu/include/kungfu/runtime/nanomsg/socket.h:157:58: warning: field 'data_' will be initialized after field 'header_' [-Wreorder-ctor]
  157 |       : binding_(nlohmann::json::parse(msg)), msg_(msg), data_(get_meta<std::string>("data", "")),
      |                                                          ^~~~~~~~~~~~~~~~~~~~~~~~~~~~~~~~~~~~~~~~
      |                                                          header_(yijinjing::types::frame_header(msg.c_str(), msg.length()))
  158 |         header_(yijinjing::types::frame_header(msg.c_str(), msg.length())) {}
      |         ~~~~~~~~~~~~~~~~~~~~~~~~~~~~~~~~~~~~~~~~~~~~~~~~~~~~~~~~~~~~~~~~~~
      |         data_(get_meta<std::string>("data", ""))
1 warning generated.
[8/16] Building CXX object src/bindings/node/CMakeFiles/kungfu_electron.dir/binding/op_publish_state.cpp.o
In file included from /Users/dkr/Worktrees/kungfu/review/codex/layer-gate-budget-macos-authoritative/framework/core/src/bindings/node/binding/op_publish_state.cpp:7:
In file included from /Users/dkr/Worktrees/kungfu/review/codex/layer-gate-budget-macos-authoritative/framework/core/src/bindings/node/binding/operators.h:14:
In file included from /Users/dkr/Worktrees/kungfu/review/codex/layer-gate-budget-macos-authoritative/framework/core/src/libkungfu/include/kungfu/runtime/live/peer.h:12:
In file included from /Users/dkr/Worktrees/kungfu/review/codex/layer-gate-budget-macos-authoritative/framework/core/src/libkungfu/include/kungfu/runtime/io.h:12:
/Users/dkr/Worktrees/kungfu/review/codex/layer-gate-budget-macos-authoritative/framework/core/src/libkungfu/include/kungfu/runtime/nanomsg/socket.h:157:58: warning: field 'data_' will be initialized after field 'header_' [-Wreorder-ctor]
  157 |       : binding_(nlohmann::json::parse(msg)), msg_(msg), data_(get_meta<std::string>("data", "")),
      |                                                          ^~~~~~~~~~~~~~~~~~~~~~~~~~~~~~~~~~~~~~~~
      |                                                          header_(yijinjing::types::frame_header(msg.c_str(), msg.length()))
  158 |         header_(yijinjing::types::frame_header(msg.c_str(), msg.length())) {}
      |         ~~~~~~~~~~~~~~~~~~~~~~~~~~~~~~~~~~~~~~~~~~~~~~~~~~~~~~~~~~~~~~~~~~
      |         data_(get_meta<std::string>("data", ""))
1 warning generated.
[9/16] Building CXX object src/bindings/node/CMakeFiles/kungfu_electron.dir/binding/history.cpp.o
In file included from /Users/dkr/Worktrees/kungfu/review/codex/layer-gate-budget-macos-authoritative/framework/core/src/bindings/node/binding/history.cpp:12:
In file included from /Users/dkr/Worktrees/kungfu/review/codex/layer-gate-budget-macos-authoritative/framework/core/src/bindings/node/binding/io.h:11:
In file included from /Users/dkr/Worktrees/kungfu/review/codex/layer-gate-budget-macos-authoritative/framework/core/src/bindings/node/binding/journal.h:11:
In file included from /Users/dkr/Worktrees/kungfu/review/codex/layer-gate-budget-macos-authoritative/framework/core/src/bindings/node/binding/operators.h:14:
In file included from /Users/dkr/Worktrees/kungfu/review/codex/layer-gate-budget-macos-authoritative/framework/core/src/libkungfu/include/kungfu/runtime/live/peer.h:12:
In file included from /Users/dkr/Worktrees/kungfu/review/codex/layer-gate-budget-macos-authoritative/framework/core/src/libkungfu/include/kungfu/runtime/io.h:12:
/Users/dkr/Worktrees/kungfu/review/codex/layer-gate-budget-macos-authoritative/framework/core/src/libkungfu/include/kungfu/runtime/nanomsg/socket.h:157:58: warning: field 'data_' will be initialized after field 'header_' [-Wreorder-ctor]
  157 |       : binding_(nlohmann::json::parse(msg)), msg_(msg), data_(get_meta<std::string>("data", "")),
      |                                                          ^~~~~~~~~~~~~~~~~~~~~~~~~~~~~~~~~~~~~~~~
      |                                                          header_(yijinjing::types::frame_header(msg.c_str(), msg.length()))
  158 |         header_(yijinjing::types::frame_header(msg.c_str(), msg.length())) {}
      |         ~~~~~~~~~~~~~~~~~~~~~~~~~~~~~~~~~~~~~~~~~~~~~~~~~~~~~~~~~~~~~~~~~~
      |         data_(get_meta<std::string>("data", ""))
1 warning generated.
[10/16] Building CXX object src/bindings/node/CMakeFiles/kungfu_electron.dir/binding/config_store.cpp.o
In file included from /Users/dkr/Worktrees/kungfu/review/codex/layer-gate-budget-macos-authoritative/framework/core/src/bindings/node/binding/config_store.cpp:7:
In file included from /Users/dkr/Worktrees/kungfu/review/codex/layer-gate-budget-macos-authoritative/framework/core/src/bindings/node/binding/config_store.h:10:
In file included from /Users/dkr/Worktrees/kungfu/review/codex/layer-gate-budget-macos-authoritative/framework/core/src/libkungfu/include/kungfu/runtime/io.h:12:
/Users/dkr/Worktrees/kungfu/review/codex/layer-gate-budget-macos-authoritative/framework/core/src/libkungfu/include/kungfu/runtime/nanomsg/socket.h:157:58: warning: field 'data_' will be initialized after field 'header_' [-Wreorder-ctor]
  157 |       : binding_(nlohmann::json::parse(msg)), msg_(msg), data_(get_meta<std::string>("data", "")),
      |                                                          ^~~~~~~~~~~~~~~~~~~~~~~~~~~~~~~~~~~~~~~~
      |                                                          header_(yijinjing::types::frame_header(msg.c_str(), msg.length()))
  158 |         header_(yijinjing::types::frame_header(msg.c_str(), msg.length())) {}
      |         ~~~~~~~~~~~~~~~~~~~~~~~~~~~~~~~~~~~~~~~~~~~~~~~~~~~~~~~~~~~~~~~~~~
      |         data_(get_meta<std::string>("data", ""))
1 warning generated.
[11/16] Building CXX object src/bindings/node/CMakeFiles/kungfu_electron.dir/binding/op_restore_state.cpp.o
In file included from /Users/dkr/Worktrees/kungfu/review/codex/layer-gate-budget-macos-authoritative/framework/core/src/bindings/node/binding/op_restore_state.cpp:7:
In file included from /Users/dkr/Worktrees/kungfu/review/codex/layer-gate-budget-macos-authoritative/framework/core/src/bindings/node/binding/operators.h:14:
In file included from /Users/dkr/Worktrees/kungfu/review/codex/layer-gate-budget-macos-authoritative/framework/core/src/libkungfu/include/kungfu/runtime/live/peer.h:12:
In file included from /Users/dkr/Worktrees/kungfu/review/codex/layer-gate-budget-macos-authoritative/framework/core/src/libkungfu/include/kungfu/runtime/io.h:12:
/Users/dkr/Worktrees/kungfu/review/codex/layer-gate-budget-macos-authoritative/framework/core/src/libkungfu/include/kungfu/runtime/nanomsg/socket.h:157:58: warning: field 'data_' will be initialized after field 'header_' [-Wreorder-ctor]
  157 |       : binding_(nlohmann::json::parse(msg)), msg_(msg), data_(get_meta<std::string>("data", "")),
      |                                                          ^~~~~~~~~~~~~~~~~~~~~~~~~~~~~~~~~~~~~~~~
      |                                                          header_(yijinjing::types::frame_header(msg.c_str(), msg.length()))
  158 |         header_(yijinjing::types::frame_header(msg.c_str(), msg.length())) {}
      |         ~~~~~~~~~~~~~~~~~~~~~~~~~~~~~~~~~~~~~~~~~~~~~~~~~~~~~~~~~~~~~~~~~~
      |         data_(get_meta<std::string>("data", ""))
1 warning generated.
[12/16] Building CXX object src/bindings/node/CMakeFiles/kungfu_electron.dir/binding/schema.cpp.o
In file included from /Users/dkr/Worktrees/kungfu/review/codex/layer-gate-budget-macos-authoritative/framework/core/src/bindings/node/binding/schema.cpp:10:
In file included from /Users/dkr/Worktrees/kungfu/review/codex/layer-gate-budget-macos-authoritative/framework/core/src/bindings/node/binding/schema.h:11:
In file included from /Users/dkr/Worktrees/kungfu/review/codex/layer-gate-budget-macos-authoritative/framework/core/src/bindings/node/binding/operators.h:14:
In file included from /Users/dkr/Worktrees/kungfu/review/codex/layer-gate-budget-macos-authoritative/framework/core/src/libkungfu/include/kungfu/runtime/live/peer.h:12:
In file included from /Users/dkr/Worktrees/kungfu/review/codex/layer-gate-budget-macos-authoritative/framework/core/src/libkungfu/include/kungfu/runtime/io.h:12:
/Users/dkr/Worktrees/kungfu/review/codex/layer-gate-budget-macos-authoritative/framework/core/src/libkungfu/include/kungfu/runtime/nanomsg/socket.h:157:58: warning: field 'data_' will be initialized after field 'header_' [-Wreorder-ctor]
  157 |       : binding_(nlohmann::json::parse(msg)), msg_(msg), data_(get_meta<std::string>("data", "")),
      |                                                          ^~~~~~~~~~~~~~~~~~~~~~~~~~~~~~~~~~~~~~~~
      |                                                          header_(yijinjing::types::frame_header(msg.c_str(), msg.length()))
  158 |         header_(yijinjing::types::frame_header(msg.c_str(), msg.length())) {}
      |         ~~~~~~~~~~~~~~~~~~~~~~~~~~~~~~~~~~~~~~~~~~~~~~~~~~~~~~~~~~~~~~~~~~
      |         data_(get_meta<std::string>("data", ""))
1 warning generated.
[13/16] Building CXX object src/bindings/node/CMakeFiles/kungfu_electron.dir/binding/watcher.cpp.o
In file included from /Users/dkr/Worktrees/kungfu/review/codex/layer-gate-budget-macos-authoritative/framework/core/src/bindings/node/binding/watcher.cpp:7:
In file included from /Users/dkr/Worktrees/kungfu/review/codex/layer-gate-budget-macos-authoritative/framework/core/src/bindings/node/binding/watcher.h:14:
In file included from /Users/dkr/Worktrees/kungfu/review/codex/layer-gate-budget-macos-authoritative/framework/core/src/bindings/node/binding/io.h:11:
In file included from /Users/dkr/Worktrees/kungfu/review/codex/layer-gate-budget-macos-authoritative/framework/core/src/bindings/node/binding/journal.h:11:
In file included from /Users/dkr/Worktrees/kungfu/review/codex/layer-gate-budget-macos-authoritative/framework/core/src/bindings/node/binding/operators.h:14:
In file included from /Users/dkr/Worktrees/kungfu/review/codex/layer-gate-budget-macos-authoritative/framework/core/src/libkungfu/include/kungfu/runtime/live/peer.h:12:
In file included from /Users/dkr/Worktrees/kungfu/review/codex/layer-gate-budget-macos-authoritative/framework/core/src/libkungfu/include/kungfu/runtime/io.h:12:
/Users/dkr/Worktrees/kungfu/review/codex/layer-gate-budget-macos-authoritative/framework/core/src/libkungfu/include/kungfu/runtime/nanomsg/socket.h:157:58: warning: field 'data_' will be initialized after field 'header_' [-Wreorder-ctor]
  157 |       : binding_(nlohmann::json::parse(msg)), msg_(msg), data_(get_meta<std::string>("data", "")),
      |                                                          ^~~~~~~~~~~~~~~~~~~~~~~~~~~~~~~~~~~~~~~~
      |                                                          header_(yijinjing::types::frame_header(msg.c_str(), msg.length()))
  158 |         header_(yijinjing::types::frame_header(msg.c_str(), msg.length())) {}
      |         ~~~~~~~~~~~~~~~~~~~~~~~~~~~~~~~~~~~~~~~~~~~~~~~~~~~~~~~~~~~~~~~~~~
      |         data_(get_meta<std::string>("data", ""))
1 warning generated.
[14/16] Building CXX object src/bindings/node/CMakeFiles/kungfu_electron.dir/binding/journal.cpp.o
In file included from /Users/dkr/Worktrees/kungfu/review/codex/layer-gate-budget-macos-authoritative/framework/core/src/bindings/node/binding/journal.cpp:7:
In file included from /Users/dkr/Worktrees/kungfu/review/codex/layer-gate-budget-macos-authoritative/framework/core/src/bindings/node/binding/journal.h:11:
In file included from /Users/dkr/Worktrees/kungfu/review/codex/layer-gate-budget-macos-authoritative/framework/core/src/bindings/node/binding/operators.h:14:
In file included from /Users/dkr/Worktrees/kungfu/review/codex/layer-gate-budget-macos-authoritative/framework/core/src/libkungfu/include/kungfu/runtime/live/peer.h:12:
In file included from /Users/dkr/Worktrees/kungfu/review/codex/layer-gate-budget-macos-authoritative/framework/core/src/libkungfu/include/kungfu/runtime/io.h:12:
/Users/dkr/Worktrees/kungfu/review/codex/layer-gate-budget-macos-authoritative/framework/core/src/libkungfu/include/kungfu/runtime/nanomsg/socket.h:157:58: warning: field 'data_' will be initialized after field 'header_' [-Wreorder-ctor]
  157 |       : binding_(nlohmann::json::parse(msg)), msg_(msg), data_(get_meta<std::string>("data", "")),
      |                                                          ^~~~~~~~~~~~~~~~~~~~~~~~~~~~~~~~~~~~~~~~
      |                                                          header_(yijinjing::types::frame_header(msg.c_str(), msg.length()))
  158 |         header_(yijinjing::types::frame_header(msg.c_str(), msg.length())) {}
      |         ~~~~~~~~~~~~~~~~~~~~~~~~~~~~~~~~~~~~~~~~~~~~~~~~~~~~~~~~~~~~~~~~~~
      |         data_(get_meta<std::string>("data", ""))
1 warning generated.
[15/16] Building CXX object src/bindings/node/CMakeFiles/kungfu_electron.dir/binding/kungfu_node.cpp.o
In file included from /Users/dkr/Worktrees/kungfu/review/codex/layer-gate-budget-macos-authoritative/framework/core/src/bindings/node/binding/kungfu_node.cpp:48:
In file included from /Users/dkr/Worktrees/kungfu/review/codex/layer-gate-budget-macos-authoritative/framework/core/src/libkungfu/include/kungfu/runtime/io.h:12:
/Users/dkr/Worktrees/kungfu/review/codex/layer-gate-budget-macos-authoritative/framework/core/src/libkungfu/include/kungfu/runtime/nanomsg/socket.h:157:58: warning: field 'data_' will be initialized after field 'header_' [-Wreorder-ctor]
  157 |       : binding_(nlohmann::json::parse(msg)), msg_(msg), data_(get_meta<std::string>("data", "")),
      |                                                          ^~~~~~~~~~~~~~~~~~~~~~~~~~~~~~~~~~~~~~~~
      |                                                          header_(yijinjing::types::frame_header(msg.c_str(), msg.length()))
  158 |         header_(yijinjing::types::frame_header(msg.c_str(), msg.length())) {}
      |         ~~~~~~~~~~~~~~~~~~~~~~~~~~~~~~~~~~~~~~~~~~~~~~~~~~~~~~~~~~~~~~~~~~
      |         data_(get_meta<std::string>("data", ""))
1 warning generated.
[16/16] Linking CXX shared library Release/kungfu_electron.node
conanfile.py (kungfu-core/4.0.0-alpha.0): cmake-js build done
conanfile.py (kungfu-core/4.0.0-alpha.0): build version 4.0.0-alpha.0
$ cp /Users/dkr/Worktrees/kungfu/review/codex/layer-gate-budget-macos-authoritative/.buildchain/libnode-platform/darwin-arm64/node_modules/@kungfu-tech/libnode-darwin-arm64/dist/node/libnode.127.dylib build/Release/libnode.127.dylib
$ cp /Users/dkr/Worktrees/kungfu/review/codex/layer-gate-budget-macos-authoritative/.buildchain/libnode-platform/darwin-arm64/node_modules/@kungfu-tech/libnode-darwin-arm64/dist/node/libnodebuildinfo.json build/Release/libnodebuildinfo.json
$ cp /Users/dkr/Worktrees/kungfu/review/codex/layer-gate-budget-macos-authoritative/.buildchain/libnode-platform/darwin-arm64/node_modules/@kungfu-tech/libnode-darwin-arm64/dist/node/link_node.node build/Release/link_node.node
$ uv run --frozen python -m pybind11_stubgen pykungfu -o stubs
pybind11_stubgen - [  ERROR] In pykungfu.runtime.get_page_path : Invalid expression 'kungfu::yijinjing::data::location'
pybind11_stubgen - [  ERROR] In pykungfu.runtime : Invalid identifier 'kungfu::runtime::io_device_coordinator' at 'pykungfu.runtime'
pybind11_stubgen - [  ERROR] In pykungfu.runtime : Invalid identifier 'kungfu::runtime::io_device_peer' at 'pykungfu.runtime'
pybind11_stubgen - [  ERROR] In pykungfu.runtime.location.__init__ : Invalid expression 'kungfu::yijinjing::data::locator'
pybind11_stubgen - [  ERROR] In pykungfu.runtime.location.locator. : Invalid expression 'kungfu::yijinjing::data::locator'
pybind11_stubgen - [  ERROR] In pykungfu.runtime.reader.__init__ : Invalid expression 'kungfu::yijinjing::journal::bus'
pybind11_stubgen - [  ERROR] In pykungfu.runtime.reader.join : Invalid expression '<Priority.Medium: 1>'
pybind11_stubgen - [  ERROR] In pykungfu.runtime.setup_log : Invalid expression 'kungfu::yijinjing::data::location'
pybind11_stubgen - [  ERROR] In pykungfu.yijinjing.types.AcceptedRangeRecorded.manifest_id. : Can't find/import 'String'
pybind11_stubgen - [  ERROR] In pykungfu.yijinjing.types.AcceptedRangeRecorded.manifest_id. : Can't find/import 'String'
pybind11_stubgen - [  ERROR] In pykungfu.yijinjing.types.AcceptedRangeRecorded.source_id. : Can't find/import 'String'
pybind11_stubgen - [  ERROR] In pykungfu.yijinjing.types.AcceptedRangeRecorded.source_id. : Can't find/import 'String'
pybind11_stubgen - [  ERROR] In pykungfu.yijinjing.types.AcceptedRangeRecorded.status. : Invalid expression 'kungfu::yijinjing::enums::SourceVerificationStatus'
pybind11_stubgen - [  ERROR] In pykungfu.yijinjing.types.AcceptedRangeRecorded.status. : Invalid expression 'kungfu::yijinjing::enums::SourceVerificationStatus'
pybind11_stubgen - [  ERROR] In pykungfu.yijinjing.types.ChannelCursorUpdated.manifest_id. : Can't find/import 'String'
pybind11_stubgen - [  ERROR] In pykungfu.yijinjing.types.ChannelCursorUpdated.manifest_id. : Can't find/import 'String'
pybind11_stubgen - [  ERROR] In pykungfu.yijinjing.types.ChannelCursorUpdated.range_since. : Can't find/import 'String'
pybind11_stubgen - [  ERROR] In pykungfu.yijinjing.types.ChannelCursorUpdated.range_since. : Can't find/import 'String'
pybind11_stubgen - [  ERROR] In pykungfu.yijinjing.types.ChannelCursorUpdated.range_until. : Can't find/import 'String'
pybind11_stubgen - [  ERROR] In pykungfu.yijinjing.types.ChannelCursorUpdated.range_until. : Can't find/import 'String'
pybind11_stubgen - [  ERROR] In pykungfu.yijinjing.types.ChannelCursorUpdated.source_head. : Can't find/import 'String'
pybind11_stubgen - [  ERROR] In pykungfu.yijinjing.types.ChannelCursorUpdated.source_head. : Can't find/import 'String'
pybind11_stubgen - [  ERROR] In pykungfu.yijinjing.types.ChannelCursorUpdated.source_id. : Can't find/import 'String'
pybind11_stubgen - [  ERROR] In pykungfu.yijinjing.types.ChannelCursorUpdated.source_id. : Can't find/import 'String'
pybind11_stubgen - [  ERROR] In pykungfu.yijinjing.types.ChannelCursorUpdated.sync_root_algo. : Can't find/import 'String'
pybind11_stubgen - [  ERROR] In pykungfu.yijinjing.types.ChannelCursorUpdated.sync_root_algo. : Can't find/import 'String'
pybind11_stubgen - [  ERROR] In pykungfu.yijinjing.types.ChannelCursorUpdated.sync_root_value. : Can't find/import 'String'
pybind11_stubgen - [  ERROR] In pykungfu.yijinjing.types.ChannelCursorUpdated.sync_root_value. : Can't find/import 'String'
pybind11_stubgen - [  ERROR] In pykungfu.yijinjing.types.EpisodeClosed.reason. : Can't find/import 'String'
pybind11_stubgen - [  ERROR] In pykungfu.yijinjing.types.EpisodeClosed.reason. : Can't find/import 'String'
pybind11_stubgen - [  ERROR] In pykungfu.yijinjing.types.EpisodeHeartbeat.note. : Can't find/import 'String'
pybind11_stubgen - [  ERROR] In pykungfu.yijinjing.types.EpisodeHeartbeat.note. : Can't find/import 'String'
pybind11_stubgen - [  ERROR] In pykungfu.yijinjing.types.EpisodeOpen.actor. : Can't find/import 'String'
pybind11_stubgen - [  ERROR] In pykungfu.yijinjing.types.EpisodeOpen.actor. : Can't find/import 'String'
pybind11_stubgen - [  ERROR] In pykungfu.yijinjing.types.EpisodeOpen.source. : Can't find/import 'String'
pybind11_stubgen - [  ERROR] In pykungfu.yijinjing.types.EpisodeOpen.source. : Can't find/import 'String'
pybind11_stubgen - [  ERROR] In pykungfu.yijinjing.types.EpisodeOpen.title. : Can't find/import 'String'
pybind11_stubgen - [  ERROR] In pykungfu.yijinjing.types.EpisodeOpen.title. : Can't find/import 'String'
pybind11_stubgen - [  ERROR] In pykungfu.yijinjing.types.EpisodeRefAttached.ref_hash. : Can't find/import 'String'
pybind11_stubgen - [  ERROR] In pykungfu.yijinjing.types.EpisodeRefAttached.ref_hash. : Can't find/import 'String'
pybind11_stubgen - [  ERROR] In pykungfu.yijinjing.types.EpisodeRefAttached.ref_id. : Can't find/import 'String'
pybind11_stubgen - [  ERROR] In pykungfu.yijinjing.types.EpisodeRefAttached.ref_id. : Can't find/import 'String'
pybind11_stubgen - [  ERROR] In pykungfu.yijinjing.types.ExportBundleRecorded.manifest_id. : Can't find/import 'String'
pybind11_stubgen - [  ERROR] In pykungfu.yijinjing.types.ExportBundleRecorded.manifest_id. : Can't find/import 'String'
pybind11_stubgen - [  ERROR] In pykungfu.yijinjing.types.ExportBundleRecorded.range_since. : Can't find/import 'String'
pybind11_stubgen - [  ERROR] In pykungfu.yijinjing.types.ExportBundleRecorded.range_since. : Can't find/import 'String'
pybind11_stubgen - [  ERROR] In pykungfu.yijinjing.types.ExportBundleRecorded.range_until. : Can't find/import 'String'
pybind11_stubgen - [  ERROR] In pykungfu.yijinjing.types.ExportBundleRecorded.range_until. : Can't find/import 'String'
pybind11_stubgen - [  ERROR] In pykungfu.yijinjing.types.ExportBundleRecorded.source_id. : Can't find/import 'String'
pybind11_stubgen - [  ERROR] In pykungfu.yijinjing.types.ExportBundleRecorded.source_id. : Can't find/import 'String'
pybind11_stubgen - [  ERROR] In pykungfu.yijinjing.types.ExportBundleRecorded.sync_root_algo. : Can't find/import 'String'
pybind11_stubgen - [  ERROR] In pykungfu.yijinjing.types.ExportBundleRecorded.sync_root_algo. : Can't find/import 'String'
pybind11_stubgen - [  ERROR] In pykungfu.yijinjing.types.ExportBundleRecorded.sync_root_value. : Can't find/import 'String'
pybind11_stubgen - [  ERROR] In pykungfu.yijinjing.types.ExportBundleRecorded.sync_root_value. : Can't find/import 'String'
pybind11_stubgen - [  ERROR] In pykungfu.yijinjing.types.ImportManifestAccepted.entries_hash. : Can't find/import 'String'
pybind11_stubgen - [  ERROR] In pykungfu.yijinjing.types.ImportManifestAccepted.entries_hash. : Can't find/import 'String'
pybind11_stubgen - [  ERROR] In pykungfu.yijinjing.types.ImportManifestAccepted.manifest_id. : Can't find/import 'String'
pybind11_stubgen - [  ERROR] In pykungfu.yijinjing.types.ImportManifestAccepted.manifest_id. : Can't find/import 'String'
pybind11_stubgen - [  ERROR] In pykungfu.yijinjing.types.ImportManifestAccepted.range_since. : Can't find/import 'String'
pybind11_stubgen - [  ERROR] In pykungfu.yijinjing.types.ImportManifestAccepted.range_since. : Can't find/import 'String'
pybind11_stubgen - [  ERROR] In pykungfu.yijinjing.types.ImportManifestAccepted.range_until. : Can't find/import 'String'
pybind11_stubgen - [  ERROR] In pykungfu.yijinjing.types.ImportManifestAccepted.range_until. : Can't find/import 'String'
pybind11_stubgen - [  ERROR] In pykungfu.yijinjing.types.ImportManifestAccepted.scope. : Can't find/import 'String'
pybind11_stubgen - [  ERROR] In pykungfu.yijinjing.types.ImportManifestAccepted.scope. : Can't find/import 'String'
pybind11_stubgen - [  ERROR] In pykungfu.yijinjing.types.ImportManifestAccepted.source_coordinate. : Can't find/import 'String'
pybind11_stubgen - [  ERROR] In pykungfu.yijinjing.types.ImportManifestAccepted.source_coordinate. : Can't find/import 'String'
pybind11_stubgen - [  ERROR] In pykungfu.yijinjing.types.ImportManifestAccepted.source_head. : Can't find/import 'String'
pybind11_stubgen - [  ERROR] In pykungfu.yijinjing.types.ImportManifestAccepted.source_head. : Can't find/import 'String'
pybind11_stubgen - [  ERROR] In pykungfu.yijinjing.types.ImportManifestAccepted.source_id. : Can't find/import 'String'
pybind11_stubgen - [  ERROR] In pykungfu.yijinjing.types.ImportManifestAccepted.source_id. : Can't find/import 'String'
pybind11_stubgen - [  ERROR] In pykungfu.yijinjing.types.ImportManifestAccepted.source_type. : Can't find/import 'String'
pybind11_stubgen - [  ERROR] In pykungfu.yijinjing.types.ImportManifestAccepted.source_type. : Can't find/import 'String'
pybind11_stubgen - [  ERROR] In pykungfu.yijinjing.types.ImportManifestAccepted.status. : Invalid expression 'kungfu::yijinjing::enums::SourceVerificationStatus'
pybind11_stubgen - [  ERROR] In pykungfu.yijinjing.types.ImportManifestAccepted.status. : Invalid expression 'kungfu::yijinjing::enums::SourceVerificationStatus'
pybind11_stubgen - [  ERROR] In pykungfu.yijinjing.types.ImportManifestAccepted.sync_root_algo. : Can't find/import 'String'
pybind11_stubgen - [  ERROR] In pykungfu.yijinjing.types.ImportManifestAccepted.sync_root_algo. : Can't find/import 'String'
pybind11_stubgen - [  ERROR] In pykungfu.yijinjing.types.ImportManifestAccepted.sync_root_value. : Can't find/import 'String'
pybind11_stubgen - [  ERROR] In pykungfu.yijinjing.types.ImportManifestAccepted.sync_root_value. : Can't find/import 'String'
pybind11_stubgen - [  ERROR] In pykungfu.yijinjing.types.ManifestEntryRecorded.commitment_hash. : Can't find/import 'String'
pybind11_stubgen - [  ERROR] In pykungfu.yijinjing.types.ManifestEntryRecorded.commitment_hash. : Can't find/import 'String'
pybind11_stubgen - [  ERROR] In pykungfu.yijinjing.types.ManifestEntryRecorded.content_type. : Can't find/import 'String'
pybind11_stubgen - [  ERROR] In pykungfu.yijinjing.types.ManifestEntryRecorded.content_type. : Can't find/import 'String'
pybind11_stubgen - [  ERROR] In pykungfu.yijinjing.types.ManifestEntryRecorded.entry_source_id. : Can't find/import 'String'
pybind11_stubgen - [  ERROR] In pykungfu.yijinjing.types.ManifestEntryRecorded.entry_source_id. : Can't find/import 'String'
pybind11_stubgen - [  ERROR] In pykungfu.yijinjing.types.ManifestEntryRecorded.kind. : Can't find/import 'String'
pybind11_stubgen - [  ERROR] In pykungfu.yijinjing.types.ManifestEntryRecorded.kind. : Can't find/import 'String'
pybind11_stubgen - [  ERROR] In pykungfu.yijinjing.types.ManifestEntryRecorded.payload_hash. : Can't find/import 'String'
pybind11_stubgen - [  ERROR] In pykungfu.yijinjing.types.ManifestEntryRecorded.payload_hash. : Can't find/import 'String'
pybind11_stubgen - [  ERROR] In pykungfu.yijinjing.types.ManifestEntryRecorded.payload_state. : Invalid expression 'kungfu::yijinjing::enums::PayloadState'
pybind11_stubgen - [  ERROR] In pykungfu.yijinjing.types.ManifestEntryRecorded.payload_state. : Invalid expression 'kungfu::yijinjing::enums::PayloadState'
pybind11_stubgen - [  ERROR] In pykungfu.yijinjing.types.ManifestEntryRecorded.source_path. : Can't find/import 'String'
pybind11_stubgen - [  ERROR] In pykungfu.yijinjing.types.ManifestEntryRecorded.source_path. : Can't find/import 'String'
pybind11_stubgen - [  ERROR] In pykungfu.yijinjing.types.ManifestEntryRecorded.source_time. : Can't find/import 'String'
pybind11_stubgen - [  ERROR] In pykungfu.yijinjing.types.ManifestEntryRecorded.source_time. : Can't find/import 'String'
pybind11_stubgen - [  ERROR] In pykungfu.yijinjing.types.SourceHeadUpdated.head. : Can't find/import 'String'
pybind11_stubgen - [  ERROR] In pykungfu.yijinjing.types.SourceHeadUpdated.head. : Can't find/import 'String'
pybind11_stubgen - [  ERROR] In pykungfu.yijinjing.types.SourceHeadUpdated.inventory_hash. : Can't find/import 'String'
pybind11_stubgen - [  ERROR] In pykungfu.yijinjing.types.SourceHeadUpdated.inventory_hash. : Can't find/import 'String'
pybind11_stubgen - [  ERROR] In pykungfu.yijinjing.types.SourceHeadUpdated.inventory_hash_algo. : Can't find/import 'String'
pybind11_stubgen - [  ERROR] In pykungfu.yijinjing.types.SourceHeadUpdated.inventory_hash_algo. : Can't find/import 'String'
pybind11_stubgen - [  ERROR] In pykungfu.yijinjing.types.SourceRegistered.coordinate. : Can't find/import 'String'
pybind11_stubgen - [  ERROR] In pykungfu.yijinjing.types.SourceRegistered.coordinate. : Can't find/import 'String'
pybind11_stubgen - [  ERROR] In pykungfu.yijinjing.types.SourceRegistered.head. : Can't find/import 'String'
pybind11_stubgen - [  ERROR] In pykungfu.yijinjing.types.SourceRegistered.head. : Can't find/import 'String'
pybind11_stubgen - [  ERROR] In pykungfu.yijinjing.types.SourceRegistered.kind. : Invalid expression 'kungfu::yijinjing::enums::SourceKind'
pybind11_stubgen - [  ERROR] In pykungfu.yijinjing.types.SourceRegistered.kind. : Invalid expression 'kungfu::yijinjing::enums::SourceKind'
pybind11_stubgen - [  ERROR] In pykungfu.yijinjing.types.SourceRegistered.source_id. : Can't find/import 'String'
pybind11_stubgen - [  ERROR] In pykungfu.yijinjing.types.SourceRegistered.source_id. : Can't find/import 'String'
pybind11_stubgen - [WARNING] Enum-like str representations were found with no matching mapping to the enum class location.
Use `--enum-class-locations` to specify full path to the following enum(s):
 - Priority
pybind11_stubgen - [WARNING] Raw C++ types/values were found in signatures extracted from docstrings.
Please check the corresponding sections of pybind11 documentation to avoid common mistakes in binding code:
 - https://pybind11.readthedocs.io/en/latest/advanced/misc.html#avoiding-cpp-types-in-docstrings
 - https://pybind11.readthedocs.io/en/latest/advanced/functions.html#default-arguments-revisited
$ /Users/dkr/.local/share/fnm/node-versions/v22.22.3/installation/bin/node /Users/dkr/Worktrees/kungfu/review/codex/layer-gate-budget-macos-authoritative/framework/core/.gyp/run-wheel.js
$ uv run --frozen python setup.py bdist_wheel
WARNING: '' not a valid package name; please use only .-separated package names in setup.py
/Users/dkr/Worktrees/kungfu/review/codex/layer-gate-budget-macos-authoritative/framework/core/.venv/lib/python3.13/site-packages/setuptools/dist.py:332: InformationOnly: Normalizing '4.0.0-alpha.0' to '4.0.0a0'
  self.metadata.version = self._normalize_version(self.metadata.version)
running bdist_wheel
running build
running build_py
creating build/lib.macosx-11.0-arm64-cpython-313/kungfu
copying kungfu/kfx_contract.py -> build/lib.macosx-11.0-arm64-cpython-313/kungfu
copying kungfu/config.py -> build/lib.macosx-11.0-arm64-cpython-313/kungfu
copying kungfu/host.py -> build/lib.macosx-11.0-arm64-cpython-313/kungfu
copying kungfu/profile_composition.py -> build/lib.macosx-11.0-arm64-cpython-313/kungfu
copying kungfu/profile_sdk.py -> build/lib.macosx-11.0-arm64-cpython-313/kungfu
copying kungfu/__init__.py -> build/lib.macosx-11.0-arm64-cpython-313/kungfu
copying kungfu/durability.py -> build/lib.macosx-11.0-arm64-cpython-313/kungfu
copying kungfu/action_envelope.py -> build/lib.macosx-11.0-arm64-cpython-313/kungfu
copying kungfu/workspace.py -> build/lib.macosx-11.0-arm64-cpython-313/kungfu
copying kungfu/content_hash.py -> build/lib.macosx-11.0-arm64-cpython-313/kungfu
copying kungfu/projection.py -> build/lib.macosx-11.0-arm64-cpython-313/kungfu
copying kungfu/runtime_service.py -> build/lib.macosx-11.0-arm64-cpython-313/kungfu
copying kungfu/contract.py -> build/lib.macosx-11.0-arm64-cpython-313/kungfu
copying kungfu/__main__.py -> build/lib.macosx-11.0-arm64-cpython-313/kungfu
copying kungfu/workspace_guidance.py -> build/lib.macosx-11.0-arm64-cpython-313/kungfu
creating build/lib.macosx-11.0-arm64-cpython-313/kungfu/coordination
copying kungfu/coordination/arbiter_client.py -> build/lib.macosx-11.0-arm64-cpython-313/kungfu/coordination
copying kungfu/coordination/audit.py -> build/lib.macosx-11.0-arm64-cpython-313/kungfu/coordination
copying kungfu/coordination/arbiter_peer.py -> build/lib.macosx-11.0-arm64-cpython-313/kungfu/coordination
copying kungfu/coordination/locks.py -> build/lib.macosx-11.0-arm64-cpython-313/kungfu/coordination
copying kungfu/coordination/__init__.py -> build/lib.macosx-11.0-arm64-cpython-313/kungfu/coordination
copying kungfu/coordination/arbiter.py -> build/lib.macosx-11.0-arm64-cpython-313/kungfu/coordination
creating build/lib.macosx-11.0-arm64-cpython-313/kungfu/skill
copying kungfu/skill/catalog.py -> build/lib.macosx-11.0-arm64-cpython-313/kungfu/skill
copying kungfu/skill/audit.py -> build/lib.macosx-11.0-arm64-cpython-313/kungfu/skill
copying kungfu/skill/provider.py -> build/lib.macosx-11.0-arm64-cpython-313/kungfu/skill
copying kungfu/skill/registry.py -> build/lib.macosx-11.0-arm64-cpython-313/kungfu/skill
copying kungfu/skill/__init__.py -> build/lib.macosx-11.0-arm64-cpython-313/kungfu/skill
copying kungfu/skill/parser.py -> build/lib.macosx-11.0-arm64-cpython-313/kungfu/skill
copying kungfu/skill/context.py -> build/lib.macosx-11.0-arm64-cpython-313/kungfu/skill
copying kungfu/skill/contract.py -> build/lib.macosx-11.0-arm64-cpython-313/kungfu/skill
copying kungfu/skill/dependencies.py -> build/lib.macosx-11.0-arm64-cpython-313/kungfu/skill
creating build/lib.macosx-11.0-arm64-cpython-313/kungfu/capability
copying kungfu/capability/__init__.py -> build/lib.macosx-11.0-arm64-cpython-313/kungfu/capability
copying kungfu/capability/guest.py -> build/lib.macosx-11.0-arm64-cpython-313/kungfu/capability
creating build/lib.macosx-11.0-arm64-cpython-313/kungfu/runtime
copying kungfu/runtime/time.py -> build/lib.macosx-11.0-arm64-cpython-313/kungfu/runtime
copying kungfu/runtime/log.py -> build/lib.macosx-11.0-arm64-cpython-313/kungfu/runtime
copying kungfu/runtime/__init__.py -> build/lib.macosx-11.0-arm64-cpython-313/kungfu/runtime
creating build/lib.macosx-11.0-arm64-cpython-313/kungfu/rewind
copying kungfu/rewind/managed_run.py -> build/lib.macosx-11.0-arm64-cpython-313/kungfu/rewind
copying kungfu/rewind/bundle.py -> build/lib.macosx-11.0-arm64-cpython-313/kungfu/rewind
copying kungfu/rewind/ingest.py -> build/lib.macosx-11.0-arm64-cpython-313/kungfu/rewind
copying kungfu/rewind/approvals.py -> build/lib.macosx-11.0-arm64-cpython-313/kungfu/rewind
copying kungfu/rewind/supervisor.py -> build/lib.macosx-11.0-arm64-cpython-313/kungfu/rewind
copying kungfu/rewind/events.py -> build/lib.macosx-11.0-arm64-cpython-313/kungfu/rewind
copying kungfu/rewind/cost_wire.py -> build/lib.macosx-11.0-arm64-cpython-313/kungfu/rewind
copying kungfu/rewind/proxy.py -> build/lib.macosx-11.0-arm64-cpython-313/kungfu/rewind
copying kungfu/rewind/schema_registry.py -> build/lib.macosx-11.0-arm64-cpython-313/kungfu/rewind
copying kungfu/rewind/__init__.py -> build/lib.macosx-11.0-arm64-cpython-313/kungfu/rewind
copying kungfu/rewind/export.py -> build/lib.macosx-11.0-arm64-cpython-313/kungfu/rewind
copying kungfu/rewind/wire.py -> build/lib.macosx-11.0-arm64-cpython-313/kungfu/rewind
copying kungfu/rewind/managed_cli.py -> build/lib.macosx-11.0-arm64-cpython-313/kungfu/rewind
copying kungfu/rewind/replay.py -> build/lib.macosx-11.0-arm64-cpython-313/kungfu/rewind
copying kungfu/rewind/reflection_fb.py -> build/lib.macosx-11.0-arm64-cpython-313/kungfu/rewind
copying kungfu/rewind/first_party.py -> build/lib.macosx-11.0-arm64-cpython-313/kungfu/rewind
copying kungfu/rewind/reporting.py -> build/lib.macosx-11.0-arm64-cpython-313/kungfu/rewind
copying kungfu/rewind/adapters.py -> build/lib.macosx-11.0-arm64-cpython-313/kungfu/rewind
creating build/lib.macosx-11.0-arm64-cpython-313/kungfu/agent
copying kungfu/agent/kfd3.py -> build/lib.macosx-11.0-arm64-cpython-313/kungfu/agent
copying kungfu/agent/runtime_profiles.py -> build/lib.macosx-11.0-arm64-cpython-313/kungfu/agent
copying kungfu/agent/__init__.py -> build/lib.macosx-11.0-arm64-cpython-313/kungfu/agent
copying kungfu/agent/resources.py -> build/lib.macosx-11.0-arm64-cpython-313/kungfu/agent
creating build/lib.macosx-11.0-arm64-cpython-313/kungfu/cli
copying kungfu/cli/help_manifest.py -> build/lib.macosx-11.0-arm64-cpython-313/kungfu/cli
copying kungfu/cli/__init__.py -> build/lib.macosx-11.0-arm64-cpython-313/kungfu/cli
copying kungfu/cli/site.py -> build/lib.macosx-11.0-arm64-cpython-313/kungfu/cli
creating build/lib.macosx-11.0-arm64-cpython-313/kungfu/storage
copying kungfu/storage/service.py -> build/lib.macosx-11.0-arm64-cpython-313/kungfu/storage
copying kungfu/storage/content_store.py -> build/lib.macosx-11.0-arm64-cpython-313/kungfu/storage
copying kungfu/storage/__init__.py -> build/lib.macosx-11.0-arm64-cpython-313/kungfu/storage
copying kungfu/storage/episode_lifecycle.py -> build/lib.macosx-11.0-arm64-cpython-313/kungfu/storage
creating build/lib.macosx-11.0-arm64-cpython-313/kungfu/work
copying kungfu/work/store.py -> build/lib.macosx-11.0-arm64-cpython-313/kungfu/work
copying kungfu/work/events.py -> build/lib.macosx-11.0-arm64-cpython-313/kungfu/work
copying kungfu/work/__init__.py -> build/lib.macosx-11.0-arm64-cpython-313/kungfu/work
copying kungfu/work/wire.py -> build/lib.macosx-11.0-arm64-cpython-313/kungfu/work
creating build/lib.macosx-11.0-arm64-cpython-313/kungfu/sources
copying kungfu/sources/store.py -> build/lib.macosx-11.0-arm64-cpython-313/kungfu/sources
copying kungfu/sources/__init__.py -> build/lib.macosx-11.0-arm64-cpython-313/kungfu/sources
creating build/lib.macosx-11.0-arm64-cpython-313/kungfu/atlas
copying kungfu/atlas/store.py -> build/lib.macosx-11.0-arm64-cpython-313/kungfu/atlas
copying kungfu/atlas/importer.py -> build/lib.macosx-11.0-arm64-cpython-313/kungfu/atlas
copying kungfu/atlas/mission_control.py -> build/lib.macosx-11.0-arm64-cpython-313/kungfu/atlas
copying kungfu/atlas/events.py -> build/lib.macosx-11.0-arm64-cpython-313/kungfu/atlas
copying kungfu/atlas/__init__.py -> build/lib.macosx-11.0-arm64-cpython-313/kungfu/atlas
copying kungfu/atlas/payloads.py -> build/lib.macosx-11.0-arm64-cpython-313/kungfu/atlas
copying kungfu/atlas/mission_bundle.py -> build/lib.macosx-11.0-arm64-cpython-313/kungfu/atlas
creating build/lib.macosx-11.0-arm64-cpython-313/kungfu/remote
copying kungfu/remote/store.py -> build/lib.macosx-11.0-arm64-cpython-313/kungfu/remote
copying kungfu/remote/__init__.py -> build/lib.macosx-11.0-arm64-cpython-313/kungfu/remote
creating build/lib.macosx-11.0-arm64-cpython-313/kungfu/runtime/sinks
copying kungfu/runtime/sinks/__init__.py -> build/lib.macosx-11.0-arm64-cpython-313/kungfu/runtime/sinks
creating build/lib.macosx-11.0-arm64-cpython-313/kungfu/runtime/live
copying kungfu/runtime/live/__init__.py -> build/lib.macosx-11.0-arm64-cpython-313/kungfu/runtime/live
copying kungfu/runtime/live/peer.py -> build/lib.macosx-11.0-arm64-cpython-313/kungfu/runtime/live
copying kungfu/runtime/live/event_loop.py -> build/lib.macosx-11.0-arm64-cpython-313/kungfu/runtime/live
creating build/lib.macosx-11.0-arm64-cpython-313/kungfu/runtime/data
copying kungfu/runtime/data/__init__.py -> build/lib.macosx-11.0-arm64-cpython-313/kungfu/runtime/data
creating build/lib.macosx-11.0-arm64-cpython-313/kungfu/rewind/fb
copying kungfu/rewind/fb/RunBegin.py -> build/lib.macosx-11.0-arm64-cpython-313/kungfu/rewind/fb
copying kungfu/rewind/fb/CallStatus.py -> build/lib.macosx-11.0-arm64-cpython-313/kungfu/rewind/fb
copying kungfu/rewind/fb/ApprovalDecision.py -> build/lib.macosx-11.0-arm64-cpython-313/kungfu/rewind/fb
copying kungfu/rewind/fb/RetryMarker.py -> build/lib.macosx-11.0-arm64-cpython-313/kungfu/rewind/fb
copying kungfu/rewind/fb/ToolCall.py -> build/lib.macosx-11.0-arm64-cpython-313/kungfu/rewind/fb
copying kungfu/rewind/fb/__init__.py -> build/lib.macosx-11.0-arm64-cpython-313/kungfu/rewind/fb
copying kungfu/rewind/fb/Decision.py -> build/lib.macosx-11.0-arm64-cpython-313/kungfu/rewind/fb
copying kungfu/rewind/fb/RunStatus.py -> build/lib.macosx-11.0-arm64-cpython-313/kungfu/rewind/fb
copying kungfu/rewind/fb/CostSnapshot.py -> build/lib.macosx-11.0-arm64-cpython-313/kungfu/rewind/fb
copying kungfu/rewind/fb/ModelRequest.py -> build/lib.macosx-11.0-arm64-cpython-313/kungfu/rewind/fb
copying kungfu/rewind/fb/Attribution.py -> build/lib.macosx-11.0-arm64-cpython-313/kungfu/rewind/fb
copying kungfu/rewind/fb/CaptureLayer.py -> build/lib.macosx-11.0-arm64-cpython-313/kungfu/rewind/fb
copying kungfu/rewind/fb/RunEnd.py -> build/lib.macosx-11.0-arm64-cpython-313/kungfu/rewind/fb
copying kungfu/rewind/fb/ToolResult.py -> build/lib.macosx-11.0-arm64-cpython-313/kungfu/rewind/fb
copying kungfu/rewind/fb/ModelResponse.py -> build/lib.macosx-11.0-arm64-cpython-313/kungfu/rewind/fb
creating build/lib.macosx-11.0-arm64-cpython-313/kungfu/rewind/cost
copying kungfu/rewind/cost/codex.py -> build/lib.macosx-11.0-arm64-cpython-313/kungfu/rewind/cost
copying kungfu/rewind/cost/discovery.py -> build/lib.macosx-11.0-arm64-cpython-313/kungfu/rewind/cost
copying kungfu/rewind/cost/claude.py -> build/lib.macosx-11.0-arm64-cpython-313/kungfu/rewind/cost
copying kungfu/rewind/cost/__init__.py -> build/lib.macosx-11.0-arm64-cpython-313/kungfu/rewind/cost
copying kungfu/rewind/cost/model.py -> build/lib.macosx-11.0-arm64-cpython-313/kungfu/rewind/cost
creating build/lib.macosx-11.0-arm64-cpython-313/kungfu/cli/variants
copying kungfu/cli/variants/__registry__.py -> build/lib.macosx-11.0-arm64-cpython-313/kungfu/cli/variants
copying kungfu/cli/variants/__init__.py -> build/lib.macosx-11.0-arm64-cpython-313/kungfu/cli/variants
copying kungfu/cli/variants/python.py -> build/lib.macosx-11.0-arm64-cpython-313/kungfu/cli/variants
copying kungfu/cli/variants/node.py -> build/lib.macosx-11.0-arm64-cpython-313/kungfu/cli/variants
creating build/lib.macosx-11.0-arm64-cpython-313/kungfu/cli/bridging
copying kungfu/cli/bridging/__registry__.py -> build/lib.macosx-11.0-arm64-cpython-313/kungfu/cli/bridging
copying kungfu/cli/bridging/__init__.py -> build/lib.macosx-11.0-arm64-cpython-313/kungfu/cli/bridging
creating build/lib.macosx-11.0-arm64-cpython-313/kungfu/cli/commands
copying kungfu/cli/commands/managed_run.py -> build/lib.macosx-11.0-arm64-cpython-313/kungfu/cli/commands
copying kungfu/cli/commands/skill.py -> build/lib.macosx-11.0-arm64-cpython-313/kungfu/cli/commands
copying kungfu/cli/commands/cockpit.py -> build/lib.macosx-11.0-arm64-cpython-313/kungfu/cli/commands
copying kungfu/cli/commands/facts.py -> build/lib.macosx-11.0-arm64-cpython-313/kungfu/cli/commands
copying kungfu/cli/commands/trace.py -> build/lib.macosx-11.0-arm64-cpython-313/kungfu/cli/commands
copying kungfu/cli/commands/config.py -> build/lib.macosx-11.0-arm64-cpython-313/kungfu/cli/commands
copying kungfu/cli/commands/env.py -> build/lib.macosx-11.0-arm64-cpython-313/kungfu/cli/commands
copying kungfu/cli/commands/sdk.py -> build/lib.macosx-11.0-arm64-cpython-313/kungfu/cli/commands
copying kungfu/cli/commands/query.py -> build/lib.macosx-11.0-arm64-cpython-313/kungfu/cli/commands
copying kungfu/cli/commands/codex.py -> build/lib.macosx-11.0-arm64-cpython-313/kungfu/cli/commands
copying kungfu/cli/commands/__registry__.py -> build/lib.macosx-11.0-arm64-cpython-313/kungfu/cli/commands
copying kungfu/cli/commands/remote.py -> build/lib.macosx-11.0-arm64-cpython-313/kungfu/cli/commands
copying kungfu/cli/commands/profile.py -> build/lib.macosx-11.0-arm64-cpython-313/kungfu/cli/commands
copying kungfu/cli/commands/__init__.py -> build/lib.macosx-11.0-arm64-cpython-313/kungfu/cli/commands
copying kungfu/cli/commands/kfx.py -> build/lib.macosx-11.0-arm64-cpython-313/kungfu/cli/commands
copying kungfu/cli/commands/kfd.py -> build/lib.macosx-11.0-arm64-cpython-313/kungfu/cli/commands
copying kungfu/cli/commands/runtime.py -> build/lib.macosx-11.0-arm64-cpython-313/kungfu/cli/commands
copying kungfu/cli/commands/rewind.py -> build/lib.macosx-11.0-arm64-cpython-313/kungfu/cli/commands
copying kungfu/cli/commands/work.py -> build/lib.macosx-11.0-arm64-cpython-313/kungfu/cli/commands
copying kungfu/cli/commands/lock.py -> build/lib.macosx-11.0-arm64-cpython-313/kungfu/cli/commands
copying kungfu/cli/commands/storage.py -> build/lib.macosx-11.0-arm64-cpython-313/kungfu/cli/commands
copying kungfu/cli/commands/agent.py -> build/lib.macosx-11.0-arm64-cpython-313/kungfu/cli/commands
copying kungfu/cli/commands/atlas.py -> build/lib.macosx-11.0-arm64-cpython-313/kungfu/cli/commands
copying kungfu/cli/commands/workspace.py -> build/lib.macosx-11.0-arm64-cpython-313/kungfu/cli/commands
copying kungfu/cli/commands/engage.py -> build/lib.macosx-11.0-arm64-cpython-313/kungfu/cli/commands
copying kungfu/cli/commands/contract.py -> build/lib.macosx-11.0-arm64-cpython-313/kungfu/cli/commands
copying kungfu/cli/commands/source.py -> build/lib.macosx-11.0-arm64-cpython-313/kungfu/cli/commands
copying kungfu/cli/commands/report.py -> build/lib.macosx-11.0-arm64-cpython-313/kungfu/cli/commands
copying kungfu/cli/commands/schema.py -> build/lib.macosx-11.0-arm64-cpython-313/kungfu/cli/commands
creating build/lib.macosx-11.0-arm64-cpython-313/kungfu/cli/bridging/scons
copying kungfu/cli/bridging/scons/__init__.py -> build/lib.macosx-11.0-arm64-cpython-313/kungfu/cli/bridging/scons
copying kungfu/cli/bridging/scons/__main__.py -> build/lib.macosx-11.0-arm64-cpython-313/kungfu/cli/bridging/scons
creating build/lib.macosx-11.0-arm64-cpython-313/kungfu/cli/bridging/nuitka
copying kungfu/cli/bridging/nuitka/__init__.py -> build/lib.macosx-11.0-arm64-cpython-313/kungfu/cli/bridging/nuitka
copying kungfu/cli/bridging/nuitka/__main__.py -> build/lib.macosx-11.0-arm64-cpython-313/kungfu/cli/bridging/nuitka
creating build/lib.macosx-11.0-arm64-cpython-313/kungfu/cli/bridging/black
copying kungfu/cli/bridging/black/__init__.py -> build/lib.macosx-11.0-arm64-cpython-313/kungfu/cli/bridging/black
copying kungfu/cli/bridging/black/__main__.py -> build/lib.macosx-11.0-arm64-cpython-313/kungfu/cli/bridging/black
creating build/lib.macosx-11.0-arm64-cpython-313/kungfu/cli/bridging/pdm
copying kungfu/cli/bridging/pdm/__init__.py -> build/lib.macosx-11.0-arm64-cpython-313/kungfu/cli/bridging/pdm
copying kungfu/cli/bridging/pdm/__main__.py -> build/lib.macosx-11.0-arm64-cpython-313/kungfu/cli/bridging/pdm
creating build/lib.macosx-11.0-arm64-cpython-313/kungfu/work/fb
copying kungfu/work/fb/CheckpointRecorded.py -> build/lib.macosx-11.0-arm64-cpython-313/kungfu/work/fb
copying kungfu/work/fb/ArtifactRecorded.py -> build/lib.macosx-11.0-arm64-cpython-313/kungfu/work/fb
copying kungfu/work/fb/__init__.py -> build/lib.macosx-11.0-arm64-cpython-313/kungfu/work/fb
copying kungfu/work/fb/DecisionRecorded.py -> build/lib.macosx-11.0-arm64-cpython-313/kungfu/work/fb
copying kungfu/work/fb/RunLinked.py -> build/lib.macosx-11.0-arm64-cpython-313/kungfu/work/fb
copying kungfu/work/fb/WorkStatus.py -> build/lib.macosx-11.0-arm64-cpython-313/kungfu/work/fb
copying kungfu/work/fb/WorkItemCreated.py -> build/lib.macosx-11.0-arm64-cpython-313/kungfu/work/fb
copying kungfu/work/fb/WorkStatusChanged.py -> build/lib.macosx-11.0-arm64-cpython-313/kungfu/work/fb
copying kungfu/work/fb/NextActionSet.py -> build/lib.macosx-11.0-arm64-cpython-313/kungfu/work/fb
copying kungfu/work/fb/ValidationRecorded.py -> build/lib.macosx-11.0-arm64-cpython-313/kungfu/work/fb
copying kungfu/work/fb/ValidationResult.py -> build/lib.macosx-11.0-arm64-cpython-313/kungfu/work/fb
creating build/lib.macosx-11.0-arm64-cpython-313/kungfu/atlas/fb
copying kungfu/atlas/fb/ImportBegin.py -> build/lib.macosx-11.0-arm64-cpython-313/kungfu/atlas/fb
copying kungfu/atlas/fb/GoalSnapshot.py -> build/lib.macosx-11.0-arm64-cpython-313/kungfu/atlas/fb
copying kungfu/atlas/fb/__init__.py -> build/lib.macosx-11.0-arm64-cpython-313/kungfu/atlas/fb
copying kungfu/atlas/fb/MissionSnapshot.py -> build/lib.macosx-11.0-arm64-cpython-313/kungfu/atlas/fb
copying kungfu/atlas/fb/MarkerSnapshot.py -> build/lib.macosx-11.0-arm64-cpython-313/kungfu/atlas/fb
copying kungfu/atlas/fb/ImportEnd.py -> build/lib.macosx-11.0-arm64-cpython-313/kungfu/atlas/fb
running egg_info
creating kungfu.egg-info
writing kungfu.egg-info/PKG-INFO
writing dependency_links to kungfu.egg-info/dependency_links.txt
writing entry points to kungfu.egg-info/entry_points.txt
writing requirements to kungfu.egg-info/requires.txt
writing top-level names to kungfu.egg-info/top_level.txt
writing manifest file 'kungfu.egg-info/SOURCES.txt'
reading manifest file 'kungfu.egg-info/SOURCES.txt'
writing manifest file 'kungfu.egg-info/SOURCES.txt'
/Users/dkr/Worktrees/kungfu/review/codex/layer-gate-budget-macos-authoritative/framework/core/.venv/lib/python3.13/site-packages/setuptools/command/build_py.py:215: _Warning: Package 'kungfu.agent.examples' is absent from the `packages` configuration.
!!

        ********************************************************************************
        ############################
        # Package would be ignored #
        ############################
        Python recognizes 'kungfu.agent.examples' as an importable package[^1],
        but it is absent from setuptools' `packages` configuration.

        This leads to an ambiguous overall configuration. If you want to distribute this
        package, please make sure that 'kungfu.agent.examples' is explicitly added
        to the `packages` configuration field.

        Alternatively, you can also rely on setuptools' discovery methods
        (for example by using `find_namespace_packages(...)`/`find_namespace:`
        instead of `find_packages(...)`/`find:`).

        You can read more about "package discovery" on setuptools documentation page:

        - https://setuptools.pypa.io/en/latest/userguide/package_discovery.html

        If you don't want 'kungfu.agent.examples' to be distributed and are
        already explicitly excluding 'kungfu.agent.examples' via
        `find_namespace_packages(...)/find_namespace` or `find_packages(...)/find`,
        you can try to use `exclude_package_data`, or `include-package-data=False` in
        combination with a more fine grained `package-data` configuration.

        You can read more about "package data files" on setuptools documentation page:

        - https://setuptools.pypa.io/en/latest/userguide/datafiles.html


        [^1]: For Python, any directory (with suitable naming) can be imported,
              even if it does not contain any `.py` files.
              On the other hand, currently there is no concept of package data
              directory, all directories are treated like packages.
        ********************************************************************************

!!
  check.warn(importable)
/Users/dkr/Worktrees/kungfu/review/codex/layer-gate-budget-macos-authoritative/framework/core/.venv/lib/python3.13/site-packages/setuptools/command/build_py.py:215: _Warning: Package 'kungfu.agent.skills.claude' is absent from the `packages` configuration.
!!

        ********************************************************************************
        ############################
        # Package would be ignored #
        ############################
        Python recognizes 'kungfu.agent.skills.claude' as an importable package[^1],
        but it is absent from setuptools' `packages` configuration.

        This leads to an ambiguous overall configuration. If you want to distribute this
        package, please make sure that 'kungfu.agent.skills.claude' is explicitly added
        to the `packages` configuration field.

        Alternatively, you can also rely on setuptools' discovery methods
        (for example by using `find_namespace_packages(...)`/`find_namespace:`
        instead of `find_packages(...)`/`find:`).

        You can read more about "package discovery" on setuptools documentation page:

        - https://setuptools.pypa.io/en/latest/userguide/package_discovery.html

        If you don't want 'kungfu.agent.skills.claude' to be distributed and are
        already explicitly excluding 'kungfu.agent.skills.claude' via
        `find_namespace_packages(...)/find_namespace` or `find_packages(...)/find`,
        you can try to use `exclude_package_data`, or `include-package-data=False` in
        combination with a more fine grained `package-data` configuration.

        You can read more about "package data files" on setuptools documentation page:

        - https://setuptools.pypa.io/en/latest/userguide/datafiles.html


        [^1]: For Python, any directory (with suitable naming) can be imported,
              even if it does not contain any `.py` files.
              On the other hand, currently there is no concept of package data
              directory, all directories are treated like packages.
        ********************************************************************************

!!
  check.warn(importable)
/Users/dkr/Worktrees/kungfu/review/codex/layer-gate-budget-macos-authoritative/framework/core/.venv/lib/python3.13/site-packages/setuptools/command/build_py.py:215: _Warning: Package 'kungfu.agent.skills.codex' is absent from the `packages` configuration.
!!

        ********************************************************************************
        ############################
        # Package would be ignored #
        ############################
        Python recognizes 'kungfu.agent.skills.codex' as an importable package[^1],
        but it is absent from setuptools' `packages` configuration.

        This leads to an ambiguous overall configuration. If you want to distribute this
        package, please make sure that 'kungfu.agent.skills.codex' is explicitly added
        to the `packages` configuration field.

        Alternatively, you can also rely on setuptools' discovery methods
        (for example by using `find_namespace_packages(...)`/`find_namespace:`
        instead of `find_packages(...)`/`find:`).

        You can read more about "package discovery" on setuptools documentation page:

        - https://setuptools.pypa.io/en/latest/userguide/package_discovery.html

        If you don't want 'kungfu.agent.skills.codex' to be distributed and are
        already explicitly excluding 'kungfu.agent.skills.codex' via
        `find_namespace_packages(...)/find_namespace` or `find_packages(...)/find`,
        you can try to use `exclude_package_data`, or `include-package-data=False` in
        combination with a more fine grained `package-data` configuration.

        You can read more about "package data files" on setuptools documentation page:

        - https://setuptools.pypa.io/en/latest/userguide/datafiles.html


        [^1]: For Python, any directory (with suitable naming) can be imported,
              even if it does not contain any `.py` files.
              On the other hand, currently there is no concept of package data
              directory, all directories are treated like packages.
        ********************************************************************************

!!
  check.warn(importable)
copying kungfubuildinfo.json -> build/lib.macosx-11.0-arm64-cpython-313
copying libkungfu.dylib -> build/lib.macosx-11.0-arm64-cpython-313
copying libkungfu_node_host.dylib -> build/lib.macosx-11.0-arm64-cpython-313
copying libnode.127.dylib -> build/lib.macosx-11.0-arm64-cpython-313
copying libnodebuildinfo.json -> build/lib.macosx-11.0-arm64-cpython-313
copying pykungfu.cpython-313-darwin.so -> build/lib.macosx-11.0-arm64-cpython-313
creating build/lib.macosx-11.0-arm64-cpython-313/kungfu.egg-info
copying kungfu.egg-info/PKG-INFO -> build/lib.macosx-11.0-arm64-cpython-313/kungfu.egg-info
copying kungfu.egg-info/SOURCES.txt -> build/lib.macosx-11.0-arm64-cpython-313/kungfu.egg-info
copying kungfu.egg-info/dependency_links.txt -> build/lib.macosx-11.0-arm64-cpython-313/kungfu.egg-info
copying kungfu.egg-info/entry_points.txt -> build/lib.macosx-11.0-arm64-cpython-313/kungfu.egg-info
copying kungfu.egg-info/requires.txt -> build/lib.macosx-11.0-arm64-cpython-313/kungfu.egg-info
copying kungfu.egg-info/top_level.txt -> build/lib.macosx-11.0-arm64-cpython-313/kungfu.egg-info
copying kungfu/rewind/README.md -> build/lib.macosx-11.0-arm64-cpython-313/kungfu/rewind
copying kungfu/agent/brief.md -> build/lib.macosx-11.0-arm64-cpython-313/kungfu/agent
copying kungfu/agent/commands.json -> build/lib.macosx-11.0-arm64-cpython-313/kungfu/agent
copying kungfu/agent/index.json -> build/lib.macosx-11.0-arm64-cpython-313/kungfu/agent
copying kungfu/agent/kfd3_api.registry.json -> build/lib.macosx-11.0-arm64-cpython-313/kungfu/agent
copying kungfu/agent/kfd3_api.schema.json -> build/lib.macosx-11.0-arm64-cpython-313/kungfu/agent
copying kungfu/agent/mode-selection.md -> build/lib.macosx-11.0-arm64-cpython-313/kungfu/agent
copying kungfu/agent/profile-sdk.contract.json -> build/lib.macosx-11.0-arm64-cpython-313/kungfu/agent
copying kungfu/agent/safety.md -> build/lib.macosx-11.0-arm64-cpython-313/kungfu/agent
creating build/lib.macosx-11.0-arm64-cpython-313/kungfu/agent/examples
copying kungfu/agent/examples/managed-run.md -> build/lib.macosx-11.0-arm64-cpython-313/kungfu/agent/examples
copying kungfu/agent/examples/remote-sync.md -> build/lib.macosx-11.0-arm64-cpython-313/kungfu/agent/examples
copying kungfu/agent/examples/report-mode.md -> build/lib.macosx-11.0-arm64-cpython-313/kungfu/agent/examples
copying kungfu/agent/examples/trace-mode.md -> build/lib.macosx-11.0-arm64-cpython-313/kungfu/agent/examples
creating build/lib.macosx-11.0-arm64-cpython-313/kungfu/agent/skills/claude
copying kungfu/agent/skills/claude/SKILL.md -> build/lib.macosx-11.0-arm64-cpython-313/kungfu/agent/skills/claude
creating build/lib.macosx-11.0-arm64-cpython-313/kungfu/agent/skills/codex
copying kungfu/agent/skills/codex/SKILL.md -> build/lib.macosx-11.0-arm64-cpython-313/kungfu/agent/skills/codex
running build_ext
/Users/dkr/Worktrees/kungfu/review/codex/layer-gate-budget-macos-authoritative/framework/core/.venv/lib/python3.13/site-packages/setuptools/_distutils/cmd.py:90: SetuptoolsDeprecationWarning: setup.py install is deprecated.
!!

        ********************************************************************************
        Please avoid running ``setup.py`` directly.
        Instead, use pypa/build, pypa/installer or other
        standards-based tools.

        This deprecation is overdue, please update your project and remove deprecated
        calls to avoid build errors in the future.

        See https://blog.ganssle.io/articles/2021/10/setup-py-deprecated.html for details.
        ********************************************************************************

!!
  self.initialize_options()
installing to build/bdist.macosx-11.0-arm64/wheel
running install
running install_lib
creating build/bdist.macosx-11.0-arm64/wheel
creating build/bdist.macosx-11.0-arm64/wheel/kungfu
copying build/lib.macosx-11.0-arm64-cpython-313/kungfu/kfx_contract.py -> build/bdist.macosx-11.0-arm64/wheel/./kungfu
copying build/lib.macosx-11.0-arm64-cpython-313/kungfu/config.py -> build/bdist.macosx-11.0-arm64/wheel/./kungfu
creating build/bdist.macosx-11.0-arm64/wheel/kungfu/coordination
copying build/lib.macosx-11.0-arm64-cpython-313/kungfu/coordination/arbiter_client.py -> build/bdist.macosx-11.0-arm64/wheel/./kungfu/coordination
copying build/lib.macosx-11.0-arm64-cpython-313/kungfu/coordination/audit.py -> build/bdist.macosx-11.0-arm64/wheel/./kungfu/coordination
copying build/lib.macosx-11.0-arm64-cpython-313/kungfu/coordination/arbiter_peer.py -> build/bdist.macosx-11.0-arm64/wheel/./kungfu/coordination
copying build/lib.macosx-11.0-arm64-cpython-313/kungfu/coordination/locks.py -> build/bdist.macosx-11.0-arm64/wheel/./kungfu/coordination
copying build/lib.macosx-11.0-arm64-cpython-313/kungfu/coordination/__init__.py -> build/bdist.macosx-11.0-arm64/wheel/./kungfu/coordination
copying build/lib.macosx-11.0-arm64-cpython-313/kungfu/coordination/arbiter.py -> build/bdist.macosx-11.0-arm64/wheel/./kungfu/coordination
creating build/bdist.macosx-11.0-arm64/wheel/kungfu/skill
copying build/lib.macosx-11.0-arm64-cpython-313/kungfu/skill/catalog.py -> build/bdist.macosx-11.0-arm64/wheel/./kungfu/skill
copying build/lib.macosx-11.0-arm64-cpython-313/kungfu/skill/audit.py -> build/bdist.macosx-11.0-arm64/wheel/./kungfu/skill
copying build/lib.macosx-11.0-arm64-cpython-313/kungfu/skill/provider.py -> build/bdist.macosx-11.0-arm64/wheel/./kungfu/skill
copying build/lib.macosx-11.0-arm64-cpython-313/kungfu/skill/registry.py -> build/bdist.macosx-11.0-arm64/wheel/./kungfu/skill
copying build/lib.macosx-11.0-arm64-cpython-313/kungfu/skill/__init__.py -> build/bdist.macosx-11.0-arm64/wheel/./kungfu/skill
copying build/lib.macosx-11.0-arm64-cpython-313/kungfu/skill/parser.py -> build/bdist.macosx-11.0-arm64/wheel/./kungfu/skill
copying build/lib.macosx-11.0-arm64-cpython-313/kungfu/skill/context.py -> build/bdist.macosx-11.0-arm64/wheel/./kungfu/skill
copying build/lib.macosx-11.0-arm64-cpython-313/kungfu/skill/contract.py -> build/bdist.macosx-11.0-arm64/wheel/./kungfu/skill
copying build/lib.macosx-11.0-arm64-cpython-313/kungfu/skill/dependencies.py -> build/bdist.macosx-11.0-arm64/wheel/./kungfu/skill
copying build/lib.macosx-11.0-arm64-cpython-313/kungfu/host.py -> build/bdist.macosx-11.0-arm64/wheel/./kungfu
copying build/lib.macosx-11.0-arm64-cpython-313/kungfu/profile_composition.py -> build/bdist.macosx-11.0-arm64/wheel/./kungfu
creating build/bdist.macosx-11.0-arm64/wheel/kungfu/capability
copying build/lib.macosx-11.0-arm64-cpython-313/kungfu/capability/__init__.py -> build/bdist.macosx-11.0-arm64/wheel/./kungfu/capability
copying build/lib.macosx-11.0-arm64-cpython-313/kungfu/capability/guest.py -> build/bdist.macosx-11.0-arm64/wheel/./kungfu/capability
creating build/bdist.macosx-11.0-arm64/wheel/kungfu/runtime
copying build/lib.macosx-11.0-arm64-cpython-313/kungfu/runtime/time.py -> build/bdist.macosx-11.0-arm64/wheel/./kungfu/runtime
copying build/lib.macosx-11.0-arm64-cpython-313/kungfu/runtime/log.py -> build/bdist.macosx-11.0-arm64/wheel/./kungfu/runtime
creating build/bdist.macosx-11.0-arm64/wheel/kungfu/runtime/sinks
copying build/lib.macosx-11.0-arm64-cpython-313/kungfu/runtime/sinks/__init__.py -> build/bdist.macosx-11.0-arm64/wheel/./kungfu/runtime/sinks
copying build/lib.macosx-11.0-arm64-cpython-313/kungfu/runtime/__init__.py -> build/bdist.macosx-11.0-arm64/wheel/./kungfu/runtime
creating build/bdist.macosx-11.0-arm64/wheel/kungfu/runtime/live
copying build/lib.macosx-11.0-arm64-cpython-313/kungfu/runtime/live/__init__.py -> build/bdist.macosx-11.0-arm64/wheel/./kungfu/runtime/live
copying build/lib.macosx-11.0-arm64-cpython-313/kungfu/runtime/live/peer.py -> build/bdist.macosx-11.0-arm64/wheel/./kungfu/runtime/live
copying build/lib.macosx-11.0-arm64-cpython-313/kungfu/runtime/live/event_loop.py -> build/bdist.macosx-11.0-arm64/wheel/./kungfu/runtime/live
creating build/bdist.macosx-11.0-arm64/wheel/kungfu/runtime/data
copying build/lib.macosx-11.0-arm64-cpython-313/kungfu/runtime/data/__init__.py -> build/bdist.macosx-11.0-arm64/wheel/./kungfu/runtime/data
copying build/lib.macosx-11.0-arm64-cpython-313/kungfu/profile_sdk.py -> build/bdist.macosx-11.0-arm64/wheel/./kungfu
copying build/lib.macosx-11.0-arm64-cpython-313/kungfu/__init__.py -> build/bdist.macosx-11.0-arm64/wheel/./kungfu
creating build/bdist.macosx-11.0-arm64/wheel/kungfu/rewind
copying build/lib.macosx-11.0-arm64-cpython-313/kungfu/rewind/managed_run.py -> build/bdist.macosx-11.0-arm64/wheel/./kungfu/rewind
copying build/lib.macosx-11.0-arm64-cpython-313/kungfu/rewind/bundle.py -> build/bdist.macosx-11.0-arm64/wheel/./kungfu/rewind
copying build/lib.macosx-11.0-arm64-cpython-313/kungfu/rewind/ingest.py -> build/bdist.macosx-11.0-arm64/wheel/./kungfu/rewind
copying build/lib.macosx-11.0-arm64-cpython-313/kungfu/rewind/approvals.py -> build/bdist.macosx-11.0-arm64/wheel/./kungfu/rewind
copying build/lib.macosx-11.0-arm64-cpython-313/kungfu/rewind/supervisor.py -> build/bdist.macosx-11.0-arm64/wheel/./kungfu/rewind
copying build/lib.macosx-11.0-arm64-cpython-313/kungfu/rewind/events.py -> build/bdist.macosx-11.0-arm64/wheel/./kungfu/rewind
copying build/lib.macosx-11.0-arm64-cpython-313/kungfu/rewind/cost_wire.py -> build/bdist.macosx-11.0-arm64/wheel/./kungfu/rewind
copying build/lib.macosx-11.0-arm64-cpython-313/kungfu/rewind/proxy.py -> build/bdist.macosx-11.0-arm64/wheel/./kungfu/rewind
creating build/bdist.macosx-11.0-arm64/wheel/kungfu/rewind/fb
copying build/lib.macosx-11.0-arm64-cpython-313/kungfu/rewind/fb/RunBegin.py -> build/bdist.macosx-11.0-arm64/wheel/./kungfu/rewind/fb
copying build/lib.macosx-11.0-arm64-cpython-313/kungfu/rewind/fb/CallStatus.py -> build/bdist.macosx-11.0-arm64/wheel/./kungfu/rewind/fb
copying build/lib.macosx-11.0-arm64-cpython-313/kungfu/rewind/fb/ApprovalDecision.py -> build/bdist.macosx-11.0-arm64/wheel/./kungfu/rewind/fb
copying build/lib.macosx-11.0-arm64-cpython-313/kungfu/rewind/fb/RetryMarker.py -> build/bdist.macosx-11.0-arm64/wheel/./kungfu/rewind/fb
copying build/lib.macosx-11.0-arm64-cpython-313/kungfu/rewind/fb/ToolCall.py -> build/bdist.macosx-11.0-arm64/wheel/./kungfu/rewind/fb
copying build/lib.macosx-11.0-arm64-cpython-313/kungfu/rewind/fb/__init__.py -> build/bdist.macosx-11.0-arm64/wheel/./kungfu/rewind/fb
copying build/lib.macosx-11.0-arm64-cpython-313/kungfu/rewind/fb/Decision.py -> build/bdist.macosx-11.0-arm64/wheel/./kungfu/rewind/fb
copying build/lib.macosx-11.0-arm64-cpython-313/kungfu/rewind/fb/RunStatus.py -> build/bdist.macosx-11.0-arm64/wheel/./kungfu/rewind/fb
copying build/lib.macosx-11.0-arm64-cpython-313/kungfu/rewind/fb/CostSnapshot.py -> build/bdist.macosx-11.0-arm64/wheel/./kungfu/rewind/fb
copying build/lib.macosx-11.0-arm64-cpython-313/kungfu/rewind/fb/ModelRequest.py -> build/bdist.macosx-11.0-arm64/wheel/./kungfu/rewind/fb
copying build/lib.macosx-11.0-arm64-cpython-313/kungfu/rewind/fb/Attribution.py -> build/bdist.macosx-11.0-arm64/wheel/./kungfu/rewind/fb
copying build/lib.macosx-11.0-arm64-cpython-313/kungfu/rewind/fb/CaptureLayer.py -> build/bdist.macosx-11.0-arm64/wheel/./kungfu/rewind/fb
copying build/lib.macosx-11.0-arm64-cpython-313/kungfu/rewind/fb/RunEnd.py -> build/bdist.macosx-11.0-arm64/wheel/./kungfu/rewind/fb
copying build/lib.macosx-11.0-arm64-cpython-313/kungfu/rewind/fb/ToolResult.py -> build/bdist.macosx-11.0-arm64/wheel/./kungfu/rewind/fb
copying build/lib.macosx-11.0-arm64-cpython-313/kungfu/rewind/fb/ModelResponse.py -> build/bdist.macosx-11.0-arm64/wheel/./kungfu/rewind/fb
creating build/bdist.macosx-11.0-arm64/wheel/kungfu/rewind/cost
copying build/lib.macosx-11.0-arm64-cpython-313/kungfu/rewind/cost/codex.py -> build/bdist.macosx-11.0-arm64/wheel/./kungfu/rewind/cost
copying build/lib.macosx-11.0-arm64-cpython-313/kungfu/rewind/cost/discovery.py -> build/bdist.macosx-11.0-arm64/wheel/./kungfu/rewind/cost
copying build/lib.macosx-11.0-arm64-cpython-313/kungfu/rewind/cost/claude.py -> build/bdist.macosx-11.0-arm64/wheel/./kungfu/rewind/cost
copying build/lib.macosx-11.0-arm64-cpython-313/kungfu/rewind/cost/__init__.py -> build/bdist.macosx-11.0-arm64/wheel/./kungfu/rewind/cost
copying build/lib.macosx-11.0-arm64-cpython-313/kungfu/rewind/cost/model.py -> build/bdist.macosx-11.0-arm64/wheel/./kungfu/rewind/cost
copying build/lib.macosx-11.0-arm64-cpython-313/kungfu/rewind/schema_registry.py -> build/bdist.macosx-11.0-arm64/wheel/./kungfu/rewind
copying build/lib.macosx-11.0-arm64-cpython-313/kungfu/rewind/__init__.py -> build/bdist.macosx-11.0-arm64/wheel/./kungfu/rewind
copying build/lib.macosx-11.0-arm64-cpython-313/kungfu/rewind/export.py -> build/bdist.macosx-11.0-arm64/wheel/./kungfu/rewind
copying build/lib.macosx-11.0-arm64-cpython-313/kungfu/rewind/README.md -> build/bdist.macosx-11.0-arm64/wheel/./kungfu/rewind
copying build/lib.macosx-11.0-arm64-cpython-313/kungfu/rewind/wire.py -> build/bdist.macosx-11.0-arm64/wheel/./kungfu/rewind
copying build/lib.macosx-11.0-arm64-cpython-313/kungfu/rewind/managed_cli.py -> build/bdist.macosx-11.0-arm64/wheel/./kungfu/rewind
copying build/lib.macosx-11.0-arm64-cpython-313/kungfu/rewind/replay.py -> build/bdist.macosx-11.0-arm64/wheel/./kungfu/rewind
copying build/lib.macosx-11.0-arm64-cpython-313/kungfu/rewind/reflection_fb.py -> build/bdist.macosx-11.0-arm64/wheel/./kungfu/rewind
copying build/lib.macosx-11.0-arm64-cpython-313/kungfu/rewind/first_party.py -> build/bdist.macosx-11.0-arm64/wheel/./kungfu/rewind
copying build/lib.macosx-11.0-arm64-cpython-313/kungfu/rewind/reporting.py -> build/bdist.macosx-11.0-arm64/wheel/./kungfu/rewind
copying build/lib.macosx-11.0-arm64-cpython-313/kungfu/rewind/adapters.py -> build/bdist.macosx-11.0-arm64/wheel/./kungfu/rewind
creating build/bdist.macosx-11.0-arm64/wheel/kungfu/agent
copying build/lib.macosx-11.0-arm64-cpython-313/kungfu/agent/kfd3.py -> build/bdist.macosx-11.0-arm64/wheel/./kungfu/agent
copying build/lib.macosx-11.0-arm64-cpython-313/kungfu/agent/kfd3_api.registry.json -> build/bdist.macosx-11.0-arm64/wheel/./kungfu/agent
copying build/lib.macosx-11.0-arm64-cpython-313/kungfu/agent/runtime_profiles.py -> build/bdist.macosx-11.0-arm64/wheel/./kungfu/agent
copying build/lib.macosx-11.0-arm64-cpython-313/kungfu/agent/safety.md -> build/bdist.macosx-11.0-arm64/wheel/./kungfu/agent
copying build/lib.macosx-11.0-arm64-cpython-313/kungfu/agent/__init__.py -> build/bdist.macosx-11.0-arm64/wheel/./kungfu/agent
copying build/lib.macosx-11.0-arm64-cpython-313/kungfu/agent/commands.json -> build/bdist.macosx-11.0-arm64/wheel/./kungfu/agent
copying build/lib.macosx-11.0-arm64-cpython-313/kungfu/agent/kfd3_api.schema.json -> build/bdist.macosx-11.0-arm64/wheel/./kungfu/agent
copying build/lib.macosx-11.0-arm64-cpython-313/kungfu/agent/profile-sdk.contract.json -> build/bdist.macosx-11.0-arm64/wheel/./kungfu/agent
creating build/bdist.macosx-11.0-arm64/wheel/kungfu/agent/examples
copying build/lib.macosx-11.0-arm64-cpython-313/kungfu/agent/examples/trace-mode.md -> build/bdist.macosx-11.0-arm64/wheel/./kungfu/agent/examples
copying build/lib.macosx-11.0-arm64-cpython-313/kungfu/agent/examples/managed-run.md -> build/bdist.macosx-11.0-arm64/wheel/./kungfu/agent/examples
copying build/lib.macosx-11.0-arm64-cpython-313/kungfu/agent/examples/remote-sync.md -> build/bdist.macosx-11.0-arm64/wheel/./kungfu/agent/examples
copying build/lib.macosx-11.0-arm64-cpython-313/kungfu/agent/examples/report-mode.md -> build/bdist.macosx-11.0-arm64/wheel/./kungfu/agent/examples
copying build/lib.macosx-11.0-arm64-cpython-313/kungfu/agent/mode-selection.md -> build/bdist.macosx-11.0-arm64/wheel/./kungfu/agent
copying build/lib.macosx-11.0-arm64-cpython-313/kungfu/agent/resources.py -> build/bdist.macosx-11.0-arm64/wheel/./kungfu/agent
creating build/bdist.macosx-11.0-arm64/wheel/kungfu/agent/skills
creating build/bdist.macosx-11.0-arm64/wheel/kungfu/agent/skills/claude
copying build/lib.macosx-11.0-arm64-cpython-313/kungfu/agent/skills/claude/SKILL.md -> build/bdist.macosx-11.0-arm64/wheel/./kungfu/agent/skills/claude
creating build/bdist.macosx-11.0-arm64/wheel/kungfu/agent/skills/codex
copying build/lib.macosx-11.0-arm64-cpython-313/kungfu/agent/skills/codex/SKILL.md -> build/bdist.macosx-11.0-arm64/wheel/./kungfu/agent/skills/codex
copying build/lib.macosx-11.0-arm64-cpython-313/kungfu/agent/brief.md -> build/bdist.macosx-11.0-arm64/wheel/./kungfu/agent
copying build/lib.macosx-11.0-arm64-cpython-313/kungfu/agent/index.json -> build/bdist.macosx-11.0-arm64/wheel/./kungfu/agent
creating build/bdist.macosx-11.0-arm64/wheel/kungfu/cli
copying build/lib.macosx-11.0-arm64-cpython-313/kungfu/cli/help_manifest.py -> build/bdist.macosx-11.0-arm64/wheel/./kungfu/cli
creating build/bdist.macosx-11.0-arm64/wheel/kungfu/cli/variants
copying build/lib.macosx-11.0-arm64-cpython-313/kungfu/cli/variants/__registry__.py -> build/bdist.macosx-11.0-arm64/wheel/./kungfu/cli/variants
copying build/lib.macosx-11.0-arm64-cpython-313/kungfu/cli/variants/__init__.py -> build/bdist.macosx-11.0-arm64/wheel/./kungfu/cli/variants
copying build/lib.macosx-11.0-arm64-cpython-313/kungfu/cli/variants/python.py -> build/bdist.macosx-11.0-arm64/wheel/./kungfu/cli/variants
copying build/lib.macosx-11.0-arm64-cpython-313/kungfu/cli/variants/node.py -> build/bdist.macosx-11.0-arm64/wheel/./kungfu/cli/variants
copying build/lib.macosx-11.0-arm64-cpython-313/kungfu/cli/__init__.py -> build/bdist.macosx-11.0-arm64/wheel/./kungfu/cli
copying build/lib.macosx-11.0-arm64-cpython-313/kungfu/cli/site.py -> build/bdist.macosx-11.0-arm64/wheel/./kungfu/cli
creating build/bdist.macosx-11.0-arm64/wheel/kungfu/cli/bridging
copying build/lib.macosx-11.0-arm64-cpython-313/kungfu/cli/bridging/__registry__.py -> build/bdist.macosx-11.0-arm64/wheel/./kungfu/cli/bridging
creating build/bdist.macosx-11.0-arm64/wheel/kungfu/cli/bridging/scons
copying build/lib.macosx-11.0-arm64-cpython-313/kungfu/cli/bridging/scons/__init__.py -> build/bdist.macosx-11.0-arm64/wheel/./kungfu/cli/bridging/scons
copying build/lib.macosx-11.0-arm64-cpython-313/kungfu/cli/bridging/scons/__main__.py -> build/bdist.macosx-11.0-arm64/wheel/./kungfu/cli/bridging/scons
copying build/lib.macosx-11.0-arm64-cpython-313/kungfu/cli/bridging/__init__.py -> build/bdist.macosx-11.0-arm64/wheel/./kungfu/cli/bridging
creating build/bdist.macosx-11.0-arm64/wheel/kungfu/cli/bridging/nuitka
copying build/lib.macosx-11.0-arm64-cpython-313/kungfu/cli/bridging/nuitka/__init__.py -> build/bdist.macosx-11.0-arm64/wheel/./kungfu/cli/bridging/nuitka
copying build/lib.macosx-11.0-arm64-cpython-313/kungfu/cli/bridging/nuitka/__main__.py -> build/bdist.macosx-11.0-arm64/wheel/./kungfu/cli/bridging/nuitka
creating build/bdist.macosx-11.0-arm64/wheel/kungfu/cli/bridging/black
copying build/lib.macosx-11.0-arm64-cpython-313/kungfu/cli/bridging/black/__init__.py -> build/bdist.macosx-11.0-arm64/wheel/./kungfu/cli/bridging/black
copying build/lib.macosx-11.0-arm64-cpython-313/kungfu/cli/bridging/black/__main__.py -> build/bdist.macosx-11.0-arm64/wheel/./kungfu/cli/bridging/black
creating build/bdist.macosx-11.0-arm64/wheel/kungfu/cli/bridging/pdm
copying build/lib.macosx-11.0-arm64-cpython-313/kungfu/cli/bridging/pdm/__init__.py -> build/bdist.macosx-11.0-arm64/wheel/./kungfu/cli/bridging/pdm
copying build/lib.macosx-11.0-arm64-cpython-313/kungfu/cli/bridging/pdm/__main__.py -> build/bdist.macosx-11.0-arm64/wheel/./kungfu/cli/bridging/pdm
creating build/bdist.macosx-11.0-arm64/wheel/kungfu/cli/commands
copying build/lib.macosx-11.0-arm64-cpython-313/kungfu/cli/commands/managed_run.py -> build/bdist.macosx-11.0-arm64/wheel/./kungfu/cli/commands
copying build/lib.macosx-11.0-arm64-cpython-313/kungfu/cli/commands/skill.py -> build/bdist.macosx-11.0-arm64/wheel/./kungfu/cli/commands
copying build/lib.macosx-11.0-arm64-cpython-313/kungfu/cli/commands/cockpit.py -> build/bdist.macosx-11.0-arm64/wheel/./kungfu/cli/commands
copying build/lib.macosx-11.0-arm64-cpython-313/kungfu/cli/commands/facts.py -> build/bdist.macosx-11.0-arm64/wheel/./kungfu/cli/commands
copying build/lib.macosx-11.0-arm64-cpython-313/kungfu/cli/commands/trace.py -> build/bdist.macosx-11.0-arm64/wheel/./kungfu/cli/commands
copying build/lib.macosx-11.0-arm64-cpython-313/kungfu/cli/commands/config.py -> build/bdist.macosx-11.0-arm64/wheel/./kungfu/cli/commands
copying build/lib.macosx-11.0-arm64-cpython-313/kungfu/cli/commands/env.py -> build/bdist.macosx-11.0-arm64/wheel/./kungfu/cli/commands
copying build/lib.macosx-11.0-arm64-cpython-313/kungfu/cli/commands/sdk.py -> build/bdist.macosx-11.0-arm64/wheel/./kungfu/cli/commands
copying build/lib.macosx-11.0-arm64-cpython-313/kungfu/cli/commands/query.py -> build/bdist.macosx-11.0-arm64/wheel/./kungfu/cli/commands
copying build/lib.macosx-11.0-arm64-cpython-313/kungfu/cli/commands/codex.py -> build/bdist.macosx-11.0-arm64/wheel/./kungfu/cli/commands
copying build/lib.macosx-11.0-arm64-cpython-313/kungfu/cli/commands/__registry__.py -> build/bdist.macosx-11.0-arm64/wheel/./kungfu/cli/commands
copying build/lib.macosx-11.0-arm64-cpython-313/kungfu/cli/commands/remote.py -> build/bdist.macosx-11.0-arm64/wheel/./kungfu/cli/commands
copying build/lib.macosx-11.0-arm64-cpython-313/kungfu/cli/commands/profile.py -> build/bdist.macosx-11.0-arm64/wheel/./kungfu/cli/commands
copying build/lib.macosx-11.0-arm64-cpython-313/kungfu/cli/commands/__init__.py -> build/bdist.macosx-11.0-arm64/wheel/./kungfu/cli/commands
copying build/lib.macosx-11.0-arm64-cpython-313/kungfu/cli/commands/kfx.py -> build/bdist.macosx-11.0-arm64/wheel/./kungfu/cli/commands
copying build/lib.macosx-11.0-arm64-cpython-313/kungfu/cli/commands/kfd.py -> build/bdist.macosx-11.0-arm64/wheel/./kungfu/cli/commands
copying build/lib.macosx-11.0-arm64-cpython-313/kungfu/cli/commands/runtime.py -> build/bdist.macosx-11.0-arm64/wheel/./kungfu/cli/commands
copying build/lib.macosx-11.0-arm64-cpython-313/kungfu/cli/commands/rewind.py -> build/bdist.macosx-11.0-arm64/wheel/./kungfu/cli/commands
copying build/lib.macosx-11.0-arm64-cpython-313/kungfu/cli/commands/work.py -> build/bdist.macosx-11.0-arm64/wheel/./kungfu/cli/commands
copying build/lib.macosx-11.0-arm64-cpython-313/kungfu/cli/commands/lock.py -> build/bdist.macosx-11.0-arm64/wheel/./kungfu/cli/commands
copying build/lib.macosx-11.0-arm64-cpython-313/kungfu/cli/commands/storage.py -> build/bdist.macosx-11.0-arm64/wheel/./kungfu/cli/commands
copying build/lib.macosx-11.0-arm64-cpython-313/kungfu/cli/commands/agent.py -> build/bdist.macosx-11.0-arm64/wheel/./kungfu/cli/commands
copying build/lib.macosx-11.0-arm64-cpython-313/kungfu/cli/commands/atlas.py -> build/bdist.macosx-11.0-arm64/wheel/./kungfu/cli/commands
copying build/lib.macosx-11.0-arm64-cpython-313/kungfu/cli/commands/workspace.py -> build/bdist.macosx-11.0-arm64/wheel/./kungfu/cli/commands
copying build/lib.macosx-11.0-arm64-cpython-313/kungfu/cli/commands/engage.py -> build/bdist.macosx-11.0-arm64/wheel/./kungfu/cli/commands
copying build/lib.macosx-11.0-arm64-cpython-313/kungfu/cli/commands/contract.py -> build/bdist.macosx-11.0-arm64/wheel/./kungfu/cli/commands
copying build/lib.macosx-11.0-arm64-cpython-313/kungfu/cli/commands/source.py -> build/bdist.macosx-11.0-arm64/wheel/./kungfu/cli/commands
copying build/lib.macosx-11.0-arm64-cpython-313/kungfu/cli/commands/report.py -> build/bdist.macosx-11.0-arm64/wheel/./kungfu/cli/commands
copying build/lib.macosx-11.0-arm64-cpython-313/kungfu/cli/commands/schema.py -> build/bdist.macosx-11.0-arm64/wheel/./kungfu/cli/commands
creating build/bdist.macosx-11.0-arm64/wheel/kungfu/storage
copying build/lib.macosx-11.0-arm64-cpython-313/kungfu/storage/service.py -> build/bdist.macosx-11.0-arm64/wheel/./kungfu/storage
copying build/lib.macosx-11.0-arm64-cpython-313/kungfu/storage/content_store.py -> build/bdist.macosx-11.0-arm64/wheel/./kungfu/storage
copying build/lib.macosx-11.0-arm64-cpython-313/kungfu/storage/__init__.py -> build/bdist.macosx-11.0-arm64/wheel/./kungfu/storage
copying build/lib.macosx-11.0-arm64-cpython-313/kungfu/storage/episode_lifecycle.py -> build/bdist.macosx-11.0-arm64/wheel/./kungfu/storage
copying build/lib.macosx-11.0-arm64-cpython-313/kungfu/durability.py -> build/bdist.macosx-11.0-arm64/wheel/./kungfu
copying build/lib.macosx-11.0-arm64-cpython-313/kungfu/action_envelope.py -> build/bdist.macosx-11.0-arm64/wheel/./kungfu
creating build/bdist.macosx-11.0-arm64/wheel/kungfu/work
copying build/lib.macosx-11.0-arm64-cpython-313/kungfu/work/store.py -> build/bdist.macosx-11.0-arm64/wheel/./kungfu/work
copying build/lib.macosx-11.0-arm64-cpython-313/kungfu/work/events.py -> build/bdist.macosx-11.0-arm64/wheel/./kungfu/work
creating build/bdist.macosx-11.0-arm64/wheel/kungfu/work/fb
copying build/lib.macosx-11.0-arm64-cpython-313/kungfu/work/fb/CheckpointRecorded.py -> build/bdist.macosx-11.0-arm64/wheel/./kungfu/work/fb
copying build/lib.macosx-11.0-arm64-cpython-313/kungfu/work/fb/ArtifactRecorded.py -> build/bdist.macosx-11.0-arm64/wheel/./kungfu/work/fb
copying build/lib.macosx-11.0-arm64-cpython-313/kungfu/work/fb/__init__.py -> build/bdist.macosx-11.0-arm64/wheel/./kungfu/work/fb
copying build/lib.macosx-11.0-arm64-cpython-313/kungfu/work/fb/DecisionRecorded.py -> build/bdist.macosx-11.0-arm64/wheel/./kungfu/work/fb
copying build/lib.macosx-11.0-arm64-cpython-313/kungfu/work/fb/RunLinked.py -> build/bdist.macosx-11.0-arm64/wheel/./kungfu/work/fb
copying build/lib.macosx-11.0-arm64-cpython-313/kungfu/work/fb/WorkStatus.py -> build/bdist.macosx-11.0-arm64/wheel/./kungfu/work/fb
copying build/lib.macosx-11.0-arm64-cpython-313/kungfu/work/fb/WorkItemCreated.py -> build/bdist.macosx-11.0-arm64/wheel/./kungfu/work/fb
copying build/lib.macosx-11.0-arm64-cpython-313/kungfu/work/fb/WorkStatusChanged.py -> build/bdist.macosx-11.0-arm64/wheel/./kungfu/work/fb
copying build/lib.macosx-11.0-arm64-cpython-313/kungfu/work/fb/NextActionSet.py -> build/bdist.macosx-11.0-arm64/wheel/./kungfu/work/fb
copying build/lib.macosx-11.0-arm64-cpython-313/kungfu/work/fb/ValidationRecorded.py -> build/bdist.macosx-11.0-arm64/wheel/./kungfu/work/fb
copying build/lib.macosx-11.0-arm64-cpython-313/kungfu/work/fb/ValidationResult.py -> build/bdist.macosx-11.0-arm64/wheel/./kungfu/work/fb
copying build/lib.macosx-11.0-arm64-cpython-313/kungfu/work/__init__.py -> build/bdist.macosx-11.0-arm64/wheel/./kungfu/work
copying build/lib.macosx-11.0-arm64-cpython-313/kungfu/work/wire.py -> build/bdist.macosx-11.0-arm64/wheel/./kungfu/work
creating build/bdist.macosx-11.0-arm64/wheel/kungfu/sources
copying build/lib.macosx-11.0-arm64-cpython-313/kungfu/sources/store.py -> build/bdist.macosx-11.0-arm64/wheel/./kungfu/sources
copying build/lib.macosx-11.0-arm64-cpython-313/kungfu/sources/__init__.py -> build/bdist.macosx-11.0-arm64/wheel/./kungfu/sources
copying build/lib.macosx-11.0-arm64-cpython-313/kungfu/workspace.py -> build/bdist.macosx-11.0-arm64/wheel/./kungfu
creating build/bdist.macosx-11.0-arm64/wheel/kungfu/atlas
copying build/lib.macosx-11.0-arm64-cpython-313/kungfu/atlas/store.py -> build/bdist.macosx-11.0-arm64/wheel/./kungfu/atlas
copying build/lib.macosx-11.0-arm64-cpython-313/kungfu/atlas/importer.py -> build/bdist.macosx-11.0-arm64/wheel/./kungfu/atlas
copying build/lib.macosx-11.0-arm64-cpython-313/kungfu/atlas/mission_control.py -> build/bdist.macosx-11.0-arm64/wheel/./kungfu/atlas
copying build/lib.macosx-11.0-arm64-cpython-313/kungfu/atlas/events.py -> build/bdist.macosx-11.0-arm64/wheel/./kungfu/atlas
creating build/bdist.macosx-11.0-arm64/wheel/kungfu/atlas/fb
copying build/lib.macosx-11.0-arm64-cpython-313/kungfu/atlas/fb/ImportBegin.py -> build/bdist.macosx-11.0-arm64/wheel/./kungfu/atlas/fb
copying build/lib.macosx-11.0-arm64-cpython-313/kungfu/atlas/fb/GoalSnapshot.py -> build/bdist.macosx-11.0-arm64/wheel/./kungfu/atlas/fb
copying build/lib.macosx-11.0-arm64-cpython-313/kungfu/atlas/fb/__init__.py -> build/bdist.macosx-11.0-arm64/wheel/./kungfu/atlas/fb
copying build/lib.macosx-11.0-arm64-cpython-313/kungfu/atlas/fb/MissionSnapshot.py -> build/bdist.macosx-11.0-arm64/wheel/./kungfu/atlas/fb
copying build/lib.macosx-11.0-arm64-cpython-313/kungfu/atlas/fb/MarkerSnapshot.py -> build/bdist.macosx-11.0-arm64/wheel/./kungfu/atlas/fb
copying build/lib.macosx-11.0-arm64-cpython-313/kungfu/atlas/fb/ImportEnd.py -> build/bdist.macosx-11.0-arm64/wheel/./kungfu/atlas/fb
copying build/lib.macosx-11.0-arm64-cpython-313/kungfu/atlas/__init__.py -> build/bdist.macosx-11.0-arm64/wheel/./kungfu/atlas
copying build/lib.macosx-11.0-arm64-cpython-313/kungfu/atlas/payloads.py -> build/bdist.macosx-11.0-arm64/wheel/./kungfu/atlas
copying build/lib.macosx-11.0-arm64-cpython-313/kungfu/atlas/mission_bundle.py -> build/bdist.macosx-11.0-arm64/wheel/./kungfu/atlas
copying build/lib.macosx-11.0-arm64-cpython-313/kungfu/content_hash.py -> build/bdist.macosx-11.0-arm64/wheel/./kungfu
copying build/lib.macosx-11.0-arm64-cpython-313/kungfu/projection.py -> build/bdist.macosx-11.0-arm64/wheel/./kungfu
copying build/lib.macosx-11.0-arm64-cpython-313/kungfu/runtime_service.py -> build/bdist.macosx-11.0-arm64/wheel/./kungfu
copying build/lib.macosx-11.0-arm64-cpython-313/kungfu/contract.py -> build/bdist.macosx-11.0-arm64/wheel/./kungfu
copying build/lib.macosx-11.0-arm64-cpython-313/kungfu/__main__.py -> build/bdist.macosx-11.0-arm64/wheel/./kungfu
copying build/lib.macosx-11.0-arm64-cpython-313/kungfu/workspace_guidance.py -> build/bdist.macosx-11.0-arm64/wheel/./kungfu
creating build/bdist.macosx-11.0-arm64/wheel/kungfu/remote
copying build/lib.macosx-11.0-arm64-cpython-313/kungfu/remote/store.py -> build/bdist.macosx-11.0-arm64/wheel/./kungfu/remote
copying build/lib.macosx-11.0-arm64-cpython-313/kungfu/remote/__init__.py -> build/bdist.macosx-11.0-arm64/wheel/./kungfu/remote
copying build/lib.macosx-11.0-arm64-cpython-313/libnode.127.dylib -> build/bdist.macosx-11.0-arm64/wheel/.
copying build/lib.macosx-11.0-arm64-cpython-313/libkungfu.dylib -> build/bdist.macosx-11.0-arm64/wheel/.
copying build/lib.macosx-11.0-arm64-cpython-313/pykungfu.cpython-313-darwin.so -> build/bdist.macosx-11.0-arm64/wheel/.
copying build/lib.macosx-11.0-arm64-cpython-313/libnodebuildinfo.json -> build/bdist.macosx-11.0-arm64/wheel/.
copying build/lib.macosx-11.0-arm64-cpython-313/kungfubuildinfo.json -> build/bdist.macosx-11.0-arm64/wheel/.
copying build/lib.macosx-11.0-arm64-cpython-313/libkungfu_node_host.dylib -> build/bdist.macosx-11.0-arm64/wheel/.
creating build/bdist.macosx-11.0-arm64/wheel/kungfu.egg-info
copying build/lib.macosx-11.0-arm64-cpython-313/kungfu.egg-info/PKG-INFO -> build/bdist.macosx-11.0-arm64/wheel/./kungfu.egg-info
copying build/lib.macosx-11.0-arm64-cpython-313/kungfu.egg-info/SOURCES.txt -> build/bdist.macosx-11.0-arm64/wheel/./kungfu.egg-info
copying build/lib.macosx-11.0-arm64-cpython-313/kungfu.egg-info/entry_points.txt -> build/bdist.macosx-11.0-arm64/wheel/./kungfu.egg-info
copying build/lib.macosx-11.0-arm64-cpython-313/kungfu.egg-info/requires.txt -> build/bdist.macosx-11.0-arm64/wheel/./kungfu.egg-info
copying build/lib.macosx-11.0-arm64-cpython-313/kungfu.egg-info/top_level.txt -> build/bdist.macosx-11.0-arm64/wheel/./kungfu.egg-info
copying build/lib.macosx-11.0-arm64-cpython-313/kungfu.egg-info/dependency_links.txt -> build/bdist.macosx-11.0-arm64/wheel/./kungfu.egg-info
running install_egg_info
Copying kungfu.egg-info to build/bdist.macosx-11.0-arm64/wheel/./kungfu-4.0.0a0-py3.13.egg-info
running install_scripts
[WARNING] This wheel needs a higher macOS version than the version your Python interpreter is compiled against.  To silence this warning, set MACOSX_DEPLOYMENT_TARGET to at least 26_0 or recreate these files with lower MACOSX_DEPLOYMENT_TARGET:  
build/bdist.macosx-11.0-arm64/wheel/libkungfu.dylib
build/bdist.macosx-11.0-arm64/wheel/pykungfu.cpython-313-darwin.so
build/bdist.macosx-11.0-arm64/wheel/libkungfu_node_host.dylib[WARNING] This wheel needs a higher macOS version than the version your Python interpreter is compiled against.  To silence this warning, set MACOSX_DEPLOYMENT_TARGET to at least 26_0 or recreate these files with lower MACOSX_DEPLOYMENT_TARGET:  
build/bdist.macosx-11.0-arm64/wheel/libkungfu.dylib
build/bdist.macosx-11.0-arm64/wheel/pykungfu.cpython-313-darwin.so
build/bdist.macosx-11.0-arm64/wheel/libkungfu_node_host.dylibcreating build/bdist.macosx-11.0-arm64/wheel/kungfu-4.0.0a0.dist-info/WHEEL
creating 'dist/kungfu-4.0.0a0-cp313-cp313-macosx_26_0_arm64.whl' and adding 'build/bdist.macosx-11.0-arm64/wheel' to it
adding 'kungfubuildinfo.json'
adding 'libkungfu.dylib'
adding 'libkungfu_node_host.dylib'
adding 'libnode.127.dylib'
adding 'libnodebuildinfo.json'
adding 'pykungfu.cpython-313-darwin.so'
adding 'kungfu/__init__.py'
adding 'kungfu/__main__.py'
adding 'kungfu/action_envelope.py'
adding 'kungfu/config.py'
adding 'kungfu/content_hash.py'
adding 'kungfu/contract.py'
adding 'kungfu/durability.py'
adding 'kungfu/host.py'
adding 'kungfu/kfx_contract.py'
adding 'kungfu/profile_composition.py'
adding 'kungfu/profile_sdk.py'
adding 'kungfu/projection.py'
adding 'kungfu/runtime_service.py'
adding 'kungfu/workspace.py'
adding 'kungfu/workspace_guidance.py'
adding 'kungfu/agent/__init__.py'
adding 'kungfu/agent/brief.md'
adding 'kungfu/agent/commands.json'
adding 'kungfu/agent/index.json'
adding 'kungfu/agent/kfd3.py'
adding 'kungfu/agent/kfd3_api.registry.json'
adding 'kungfu/agent/kfd3_api.schema.json'
adding 'kungfu/agent/mode-selection.md'
adding 'kungfu/agent/profile-sdk.contract.json'
adding 'kungfu/agent/resources.py'
adding 'kungfu/agent/runtime_profiles.py'
adding 'kungfu/agent/safety.md'
adding 'kungfu/agent/examples/managed-run.md'
adding 'kungfu/agent/examples/remote-sync.md'
adding 'kungfu/agent/examples/report-mode.md'
adding 'kungfu/agent/examples/trace-mode.md'
adding 'kungfu/agent/skills/claude/SKILL.md'
adding 'kungfu/agent/skills/codex/SKILL.md'
adding 'kungfu/atlas/__init__.py'
adding 'kungfu/atlas/events.py'
adding 'kungfu/atlas/importer.py'
adding 'kungfu/atlas/mission_bundle.py'
adding 'kungfu/atlas/mission_control.py'
adding 'kungfu/atlas/payloads.py'
adding 'kungfu/atlas/store.py'
adding 'kungfu/atlas/fb/GoalSnapshot.py'
adding 'kungfu/atlas/fb/ImportBegin.py'
adding 'kungfu/atlas/fb/ImportEnd.py'
adding 'kungfu/atlas/fb/MarkerSnapshot.py'
adding 'kungfu/atlas/fb/MissionSnapshot.py'
adding 'kungfu/atlas/fb/__init__.py'
adding 'kungfu/capability/__init__.py'
adding 'kungfu/capability/guest.py'
adding 'kungfu/cli/__init__.py'
adding 'kungfu/cli/help_manifest.py'
adding 'kungfu/cli/site.py'
adding 'kungfu/cli/bridging/__init__.py'
adding 'kungfu/cli/bridging/__registry__.py'
adding 'kungfu/cli/bridging/black/__init__.py'
adding 'kungfu/cli/bridging/black/__main__.py'
adding 'kungfu/cli/bridging/nuitka/__init__.py'
adding 'kungfu/cli/bridging/nuitka/__main__.py'
adding 'kungfu/cli/bridging/pdm/__init__.py'
adding 'kungfu/cli/bridging/pdm/__main__.py'
adding 'kungfu/cli/bridging/scons/__init__.py'
adding 'kungfu/cli/bridging/scons/__main__.py'
adding 'kungfu/cli/commands/__init__.py'
adding 'kungfu/cli/commands/__registry__.py'
adding 'kungfu/cli/commands/agent.py'
adding 'kungfu/cli/commands/atlas.py'
adding 'kungfu/cli/commands/cockpit.py'
adding 'kungfu/cli/commands/codex.py'
adding 'kungfu/cli/commands/config.py'
adding 'kungfu/cli/commands/contract.py'
adding 'kungfu/cli/commands/engage.py'
adding 'kungfu/cli/commands/env.py'
adding 'kungfu/cli/commands/facts.py'
adding 'kungfu/cli/commands/kfd.py'
adding 'kungfu/cli/commands/kfx.py'
adding 'kungfu/cli/commands/lock.py'
adding 'kungfu/cli/commands/managed_run.py'
adding 'kungfu/cli/commands/profile.py'
adding 'kungfu/cli/commands/query.py'
adding 'kungfu/cli/commands/remote.py'
adding 'kungfu/cli/commands/report.py'
adding 'kungfu/cli/commands/rewind.py'
adding 'kungfu/cli/commands/runtime.py'
adding 'kungfu/cli/commands/schema.py'
adding 'kungfu/cli/commands/sdk.py'
adding 'kungfu/cli/commands/skill.py'
adding 'kungfu/cli/commands/source.py'
adding 'kungfu/cli/commands/storage.py'
adding 'kungfu/cli/commands/trace.py'
adding 'kungfu/cli/commands/work.py'
adding 'kungfu/cli/commands/workspace.py'
adding 'kungfu/cli/variants/__init__.py'
adding 'kungfu/cli/variants/__registry__.py'
adding 'kungfu/cli/variants/node.py'
adding 'kungfu/cli/variants/python.py'
adding 'kungfu/coordination/__init__.py'
adding 'kungfu/coordination/arbiter.py'
adding 'kungfu/coordination/arbiter_client.py'
adding 'kungfu/coordination/arbiter_peer.py'
adding 'kungfu/coordination/audit.py'
adding 'kungfu/coordination/locks.py'
adding 'kungfu/remote/__init__.py'
adding 'kungfu/remote/store.py'
adding 'kungfu/rewind/README.md'
adding 'kungfu/rewind/__init__.py'
adding 'kungfu/rewind/adapters.py'
adding 'kungfu/rewind/approvals.py'
adding 'kungfu/rewind/bundle.py'
adding 'kungfu/rewind/cost_wire.py'
adding 'kungfu/rewind/events.py'
adding 'kungfu/rewind/export.py'
adding 'kungfu/rewind/first_party.py'
adding 'kungfu/rewind/ingest.py'
adding 'kungfu/rewind/managed_cli.py'
adding 'kungfu/rewind/managed_run.py'
adding 'kungfu/rewind/proxy.py'
adding 'kungfu/rewind/reflection_fb.py'
adding 'kungfu/rewind/replay.py'
adding 'kungfu/rewind/reporting.py'
adding 'kungfu/rewind/schema_registry.py'
adding 'kungfu/rewind/supervisor.py'
adding 'kungfu/rewind/wire.py'
adding 'kungfu/rewind/cost/__init__.py'
adding 'kungfu/rewind/cost/claude.py'
adding 'kungfu/rewind/cost/codex.py'
adding 'kungfu/rewind/cost/discovery.py'
adding 'kungfu/rewind/cost/model.py'
adding 'kungfu/rewind/fb/ApprovalDecision.py'
adding 'kungfu/rewind/fb/Attribution.py'
adding 'kungfu/rewind/fb/CallStatus.py'
adding 'kungfu/rewind/fb/CaptureLayer.py'
adding 'kungfu/rewind/fb/CostSnapshot.py'
adding 'kungfu/rewind/fb/Decision.py'
adding 'kungfu/rewind/fb/ModelRequest.py'
adding 'kungfu/rewind/fb/ModelResponse.py'
adding 'kungfu/rewind/fb/RetryMarker.py'
adding 'kungfu/rewind/fb/RunBegin.py'
adding 'kungfu/rewind/fb/RunEnd.py'
adding 'kungfu/rewind/fb/RunStatus.py'
adding 'kungfu/rewind/fb/ToolCall.py'
adding 'kungfu/rewind/fb/ToolResult.py'
adding 'kungfu/rewind/fb/__init__.py'
adding 'kungfu/runtime/__init__.py'
adding 'kungfu/runtime/log.py'
adding 'kungfu/runtime/time.py'
adding 'kungfu/runtime/data/__init__.py'
adding 'kungfu/runtime/live/__init__.py'
adding 'kungfu/runtime/live/event_loop.py'
adding 'kungfu/runtime/live/peer.py'
adding 'kungfu/runtime/sinks/__init__.py'
adding 'kungfu/skill/__init__.py'
adding 'kungfu/skill/audit.py'
adding 'kungfu/skill/catalog.py'
adding 'kungfu/skill/context.py'
adding 'kungfu/skill/contract.py'
adding 'kungfu/skill/dependencies.py'
adding 'kungfu/skill/parser.py'
adding 'kungfu/skill/provider.py'
adding 'kungfu/skill/registry.py'
adding 'kungfu/sources/__init__.py'
adding 'kungfu/sources/store.py'
adding 'kungfu/storage/__init__.py'
adding 'kungfu/storage/content_store.py'
adding 'kungfu/storage/episode_lifecycle.py'
adding 'kungfu/storage/service.py'
adding 'kungfu/work/__init__.py'
adding 'kungfu/work/events.py'
adding 'kungfu/work/store.py'
adding 'kungfu/work/wire.py'
adding 'kungfu/work/fb/ArtifactRecorded.py'
adding 'kungfu/work/fb/CheckpointRecorded.py'
adding 'kungfu/work/fb/DecisionRecorded.py'
adding 'kungfu/work/fb/NextActionSet.py'
adding 'kungfu/work/fb/RunLinked.py'
adding 'kungfu/work/fb/ValidationRecorded.py'
adding 'kungfu/work/fb/ValidationResult.py'
adding 'kungfu/work/fb/WorkItemCreated.py'
adding 'kungfu/work/fb/WorkStatus.py'
adding 'kungfu/work/fb/WorkStatusChanged.py'
adding 'kungfu/work/fb/__init__.py'
adding 'kungfu.egg-info/PKG-INFO'
adding 'kungfu.egg-info/SOURCES.txt'
adding 'kungfu.egg-info/dependency_links.txt'
adding 'kungfu.egg-info/entry_points.txt'
adding 'kungfu.egg-info/requires.txt'
adding 'kungfu.egg-info/top_level.txt'
adding 'kungfu-4.0.0a0.dist-info/METADATA'
adding 'kungfu-4.0.0a0.dist-info/WHEEL'
adding 'kungfu-4.0.0a0.dist-info/entry_points.txt'
adding 'kungfu-4.0.0a0.dist-info/top_level.txt'
adding 'kungfu-4.0.0a0.dist-info/RECORD'
removing build/bdist.macosx-11.0-arm64/wheel
[buildchain] info product.core.rebuild.end
[buildchain] info product.core.freeze.start

[product] freeze core runtime
[product] $ pnpm --filter @kungfu-tech/core run freeze
$ node .gyp/run-freeze.js
[freeze] freezer=assemble build_type=Release
$ uv python install cpython-3.13.14-macos-aarch64-none
cpython-3.13.14-macos-aarch64-none is already installed
[freeze] assemble: cpython-3.13.14-macos-aarch64-none → dist/kungfu/python
[freeze] assemble: pruned 26 paths (22 entries)
$ uv export --frozen --no-dev --no-emit-project -o /Users/dkr/Worktrees/kungfu/review/codex/layer-gate-budget-macos-authoritative/framework/core/build/assemble-requirements.txt
# This file was autogenerated by uv via the following command:
#    uv export --frozen --no-dev --no-emit-project -o /Users/dkr/Worktrees/kungfu/review/codex/layer-gate-budget-macos-authoritative/framework/core/build/assemble-requirements.txt
attrs==26.1.0 \
    --hash=sha256:c647aa4a12dfbad9333ca4e71fe62ddc36f4e63b2d260a37a8b83d2f043ac309 \
    --hash=sha256:d03ceb89cb322a8fd706d4fb91940737b6642aa36998fe130a9bc96c985eff32
    # via
    #   jsonschema
    #   referencing
click==8.1.8 \
    --hash=sha256:63c132bbbed01578a06712a2d1f497bb62d9c1c0d329b7903a866228027263b2 \
    --hash=sha256:ed53c9d8990d83c2a27deae68e4ee337473f6330c040a31d4225c9574d16096a
    # via kungfu
colorama==0.4.6 ; sys_platform == 'win32' \
    --hash=sha256:08695f5cb7ed6e0531a20572697297273c47b8cae5a63ffc6d6ed5c201be6e44 \
    --hash=sha256:4f1d9991f5acc0ca119f9d443620b77f9d6b33703e51011c16baf57afb285fc6
    # via click
flatbuffers==25.12.19 \
    --hash=sha256:7634f50c427838bb021c2d66a3d1168e9d199b0607e6329399f04846d42e20b4
    # via kungfu
jsonschema==4.25.1 \
    --hash=sha256:3fba0169e345c7175110351d456342c364814cfcf3b964ba4587f22915230a63 \
    --hash=sha256:e4a9655ce0da0c0b67a085847e00a3a51449e1157f4f75e9fb5aa545e122eb85
    # via kungfu
jsonschema-specifications==2025.9.1 \
    --hash=sha256:98802fee3a11ee76ecaca44429fda8a41bff98b00a0f2838151b113f210cc6fe \
    --hash=sha256:b540987f239e745613c7a9176f3edb72b832a4ac465cf02712288397832b5e8d
    # via jsonschema
psutil==6.1.1 \
    --hash=sha256:0bdd4eab935276290ad3cb718e9809412895ca6b5b334f5a9111ee6d9aff9377 \
    --hash=sha256:33431e84fee02bc84ea36d9e2c4a6d395d479c9dd9bba2376c1f6ee8f3a4e0b3 \
    --hash=sha256:97f7cb9921fbec4904f522d972f0c0e1f4fabbdd4e0287813b21215074a0f160 \
    --hash=sha256:b6e06c20c05fe95a3d7302d74e7097756d4ba1247975ad6905441ae1b5b66003 \
    --hash=sha256:cf8496728c18f2d0b45198f06895be52f36611711746b7f30c464b422b50e2f5 \
    --hash=sha256:eaa912e0b11848c4d9279a93d7e2783df352b082f40111e078388701fd479e53 \
    --hash=sha256:f35cfccb065fff93529d2afb4a2e89e363fe63ca1e4a5da22b603a85833c2649 \
    --hash=sha256:fc0ed7fe2231a444fc219b9c42d0376e0a9a1a72f16c5cfa0f68d19f1a0663e8
    # via kungfu
referencing==0.37.0 \
    --hash=sha256:381329a9f99628c9069361716891d34ad94af76e461dcb0335825aecc7692231 \
    --hash=sha256:44aefc3142c5b842538163acb373e24cce6632bd54bdb01b21ad5863489f50d8
    # via
    #   jsonschema
    #   jsonschema-specifications
rpds-py==2026.6.3 \
    --hash=sha256:1cebd1337c242e4ec2293e541f712b2da849b29f48f0c293684b71c0632625d4 \
    --hash=sha256:1cf01971c4f2c5553b772a542e4aaf191789cd331bc2cd4ff0e6e65ba49e1e97 \
    --hash=sha256:3cfe765c1da0072636ca06628261e0ea05688e160d5c8a03e0217c3854037223 \
    --hash=sha256:425560c6fa0415f27261727bb20bd097568485e5eb0c121f1949417d1c516885 \
    --hash=sha256:4f4bca01b63096f606e095734dd56e74e175f94cfbf24ff3d63281cec61f7bb7 \
    --hash=sha256:54f45a148e28767bf343d33a684693c70e451c6f4c0e9904709a723fafbdfc1f \
    --hash=sha256:8020133a74bd81b4572dd8e4be028a6b1ebcd70e6726edc3918008c08bee6ee6 \
    --hash=sha256:842e7b070435622248c7a2c44ae53fa1440e073cc3023bc919fed570884097a7 \
    --hash=sha256:8c3d1e9c15b9d51ca0391e13da1a25a0a4df3c58a37c9dc368e0736cf7f69df0 \
    --hash=sha256:900a67df3fd1660b035a4761c4ce73c382ea6b35f90f9863c36c6fd8bf8b09bb \
    --hash=sha256:9250a9a0a6fd4648b3f868da8d91a4c52b5811a62df58e753d50ae4454a36f80 \
    --hash=sha256:a550fb4950a06dde3beb4721f5ad4b25bf4513784665b0a8522c792e2bd822a4 \
    --hash=sha256:acac386b453c2516111b50985d60ce46e7fadb5ea71ae7b25f4c946935bf27cf \
    --hash=sha256:ccffae9a092a00deb7efd545fe5e2c33c33b88e7c054337e9a74c179347d0b7d \
    --hash=sha256:cdc7e35386f3847df728fbcb5e887e2d79c19e2fa1eba9e51b6621d23e3243af \
    --hash=sha256:f4d78253f6996be4901669ad25319f842f740eccf4d58e3c7f3dd39e6dde1d8f
    # via
    #   jsonschema
    #   referencing
tabulate==0.9.0 \
    --hash=sha256:0095b12bf5966de529c0feb1fa08671671b3368eec77d7ef7ab114be2c068b3c \
    --hash=sha256:024ca478df22e9340661486f85298cff5f6dcdba14f3813e8830015b9ed1948f
    # via kungfu
$ uv pip install --python /Users/dkr/Worktrees/kungfu/review/codex/layer-gate-budget-macos-authoritative/framework/core/dist/kungfu/python/bin/python3 --break-system-packages -r /Users/dkr/Worktrees/kungfu/review/codex/layer-gate-budget-macos-authoritative/framework/core/build/assemble-requirements.txt
Using Python 3.13.14 environment at: dist/kungfu/python
Resolved 9 packages in 192ms
Installed 9 packages in 19ms
 + attrs==26.1.0
 + click==8.1.8
 + flatbuffers==25.12.19
 + jsonschema==4.25.1
 + jsonschema-specifications==2025.9.1
 + psutil==6.1.1
 + referencing==0.37.0
 + rpds-py==2026.6.3
 + tabulate==0.9.0
[freeze] assemble: staged 5 runtime natives
[freeze] 补拷 app native：4/4 项
[freeze] production libwasm host + dual-engine adapters staged
$ cargo build --release -p kungfu-trunk --features embedding
   Compiling kungfu-trunk v4.0.0-alpha.0 (/Users/dkr/Worktrees/kungfu/review/codex/layer-gate-budget-macos-authoritative/crates/trunk)
   Compiling shifu-core v0.1.0 (/Users/dkr/Worktrees/kungfu/review/codex/layer-gate-budget-macos-authoritative/crates/shifu-core)
   Compiling kungfu-embedding v4.0.0-alpha.0 (/Users/dkr/Worktrees/kungfu/review/codex/layer-gate-budget-macos-authoritative/crates/kungfu-embedding)
    Finished `release` profile [optimized] target(s) in 3.36s
[freeze] assemble: trunk entry staged as kungfu + kungfu-trunk
[freeze] assemble: staged help-manifest.txt
[freeze] ✅ dist/kungfu assembled (interpreter tree + flat natives + trunk entry)
[freeze] wheel 进 dist：kungfu-4.0.0a0-cp313-cp313-macosx_26_0_arm64.whl
[buildchain] info product.core.freeze.end
[buildchain] info product.core.trunk.start

[product] build kungfu-trunk
[product] $ cargo build --release -p kungfu-trunk --features embedding
    Finished `release` profile [optimized] target(s) in 0.00s
[buildchain] info product.core.trunk.end
[product] kungfu-trunk + runtime-pins.env staged into core dist
[product] skip @kungfu-tech/kfx-adapter-langchain: no build script
[buildchain] info product.kfx.build.skipped
[product] skip @kungfu-tech/kfx-mission-control-actions: no build script
[buildchain] info product.kfx.build.skipped
[product] skip @kungfu-tech/kfx-mission-control-assessment: no build script
[buildchain] info product.kfx.build.skipped
[product] skip @kungfu-tech/kfx-mission-control-contract: no build script
[buildchain] info product.kfx.build.skipped
[product] skip @kungfu-tech/kfx-mission-control-views: no build script
[buildchain] info product.kfx.build.skipped
[product] skip @kungfu-tech/kfx-suite-mission-control: no build script
[buildchain] info product.kfx.build.skipped
[product] skip @kungfu-tech/kfx-suite-system: no build script
[buildchain] info product.kfx.build.skipped
[buildchain] info product.kfx.build.start

[product] build kfx @kungfu-tech/kfx-view-config-manager
[product] $ pnpm --filter @kungfu-tech/kfx-view-config-manager run build
$ kungfu sdk kfx build
built @kungfu-tech/kfx-view-config-manager -> dist/view/index.js
[buildchain] info product.kfx.build.end
[buildchain] info product.kfx.build.start

[product] build kfx @kungfu-tech/kfx-view-fact-manager
[product] $ pnpm --filter @kungfu-tech/kfx-view-fact-manager run build
$ tsc --noEmit && kungfu sdk kfx build
built @kungfu-tech/kfx-view-fact-manager -> dist/view/index.js
[buildchain] info product.kfx.build.end
[buildchain] info product.kfx.build.start

[product] build kfx @kungfu-tech/kfx-view-journal-manager
[product] $ pnpm --filter @kungfu-tech/kfx-view-journal-manager run build
$ tsc --noEmit && kungfu sdk kfx build
built @kungfu-tech/kfx-view-journal-manager -> dist/view/index.js
[buildchain] info product.kfx.build.end
[buildchain] info product.kfx.build.start

[product] build kfx @kungfu-tech/kfx-view-kfx-manager
[product] $ pnpm --filter @kungfu-tech/kfx-view-kfx-manager run build
$ kungfu sdk kfx build
built @kungfu-tech/kfx-view-kfx-manager -> dist/view/index.js
[buildchain] info product.kfx.build.end
[buildchain] info product.kfx.build.start

[product] build kfx @kungfu-tech/kfx-view-rewind-inspector
[product] $ pnpm --filter @kungfu-tech/kfx-view-rewind-inspector run build
$ kungfu sdk kfx build
built @kungfu-tech/kfx-view-rewind-inspector -> dist/view/index.js
[buildchain] info product.kfx.build.end
[buildchain] info product.kfx.build.start

[product] build kfx @kungfu-tech/kfx-view-settings
[product] $ pnpm --filter @kungfu-tech/kfx-view-settings run build
$ kungfu sdk kfx build
built @kungfu-tech/kfx-view-settings -> dist/view/index.js
[buildchain] info product.kfx.build.end
[buildchain] info product.kfx.build.start

[product] build kfx @kungfu-tech/kfx-view-skill-manager
[product] $ pnpm --filter @kungfu-tech/kfx-view-skill-manager run build
$ kungfu sdk kfx build
built @kungfu-tech/kfx-view-skill-manager -> dist/view/index.js
[buildchain] info product.kfx.build.end
[buildchain] info product.kfx.build.start

[product] build kfx @kungfu-tech/kfx-view-status
[product] $ pnpm --filter @kungfu-tech/kfx-view-status run build
$ kungfu sdk kfx build
built @kungfu-tech/kfx-view-status -> dist/view/index.js
[buildchain] info product.kfx.build.end
[buildchain] info product.kfx.build.start

[product] build kfx @kungfu-tech/kfx-view-terminal
[product] $ pnpm --filter @kungfu-tech/kfx-view-terminal run build
$ kungfu sdk kfx build
built @kungfu-tech/kfx-view-terminal -> dist/view/index.js
[buildchain] info product.kfx.build.end
[buildchain] info product.kfx.build.start

[product] build kfx @kungfu-tech/kfx-view-work-dashboard
[product] $ pnpm --filter @kungfu-tech/kfx-view-work-dashboard run build
$ kungfu sdk kfx build
built @kungfu-tech/kfx-view-work-dashboard -> dist/view/index.js
[buildchain] info product.kfx.build.end
[product] kfx shared-module contract: 7 modules
[buildchain] info product.kfx.assemble.start
[product] assembled kfx packages -> product/extensions
[buildchain] info product.kfx.assemble.end
[buildchain] info product.tui.bundle.start

[product] bundle tui
[product] $ pnpm --filter @kungfu-tech/tui run bundle
$ node build-bundle.mjs

  dist/tui.mjs  1.7mb ⚠️

⚡ Done in 160ms
[buildchain] info product.tui.bundle.end
[buildchain] info product.esbuild.gui.platform.install.start

[product] install esbuild.gui platform package
[product] $ npm install --no-save --package-lock=false --ignore-scripts --prefer-offline --prefix /Users/dkr/Worktrees/kungfu/review/codex/layer-gate-budget-macos-authoritative/.buildchain/esbuild-platform/gui/darwin-arm64 @esbuild/darwin-arm64@0.25.12

added 1 package in 401ms
[buildchain] info product.esbuild.gui.platform.install.end
[buildchain] info product.esbuild.gui.platform.ready
[product] staged installed Agent authoring runtime -> product/dist/desktop-authoring
[buildchain] info product.gui.ensure-electron.start

[product] ensure electron
[product] $ pnpm --filter @kungfu-tech/gui run ensure-electron
$ node scripts/ensure-electron.mjs
[gui] electron binary missing — fetching once
[buildchain] info product.gui.ensure-electron.end
[buildchain] info product.gui.build.start

[product] build gui
[product] $ pnpm --filter @kungfu-tech/gui run build
$ electron-vite build
vite v6.4.3 building SSR bundle for production...
transforming...
✓ 261 modules transformed.
rendering chunks...
out/main/index.js  374.23 kB
✓ built in 535ms
vite v6.4.3 building SSR bundle for production...
transforming...
✓ 2 modules transformed.
rendering chunks...
out/preload/sandbox.js  0.87 kB
✓ built in 10ms
vite v6.4.3 building for production...
transforming...
✓ 294 modules transformed.
rendering chunks...
../../out/renderer/session-window/index.html                            0.65 kB
../../out/renderer/index.html                                           0.71 kB
../../out/renderer/sandbox-view-harness/index.html                      0.76 kB
../../out/renderer/assets/_kf-node-builtin_child_process-DEZWUDbz.js    0.30 kB
../../out/renderer/assets/session-window-C78Kkch1.js                    1.68 kB
../../out/renderer/assets/sandbox-view-harness-Dl7OwSk6.js              2.62 kB
../../out/renderer/assets/index-CQMzcyt9.js                            70.40 kB
../../out/renderer/assets/terminal-proxy-0xbxT1ll.js                  276.98 kB
../../out/renderer/assets/shared-modules-oLD2afst.js                  379.90 kB
✓ built in 654ms
[buildchain] info product.gui.build.end
[buildchain] info product.desktop.electron-builder.start

[product] electron-builder desktop product
[product] $ /Users/dkr/.local/share/fnm/node-versions/v22.22.3/installation/bin/node /Users/dkr/Worktrees/kungfu/review/codex/layer-gate-budget-macos-authoritative/framework/gui/scripts/run-electron-builder.mjs --config=/Users/dkr/Worktrees/kungfu/review/codex/layer-gate-budget-macos-authoritative/product/electron-builder.yml
  • electron-builder  version=26.15.3 os=25.5.0
  • loaded configuration  file=/Users/dkr/Worktrees/kungfu/review/codex/layer-gate-budget-macos-authoritative/product/electron-builder.yml
  • packageManager not detected by file, falling back to environment detection  resolvedPackageManager=pnpm detected=/Users/dkr/Worktrees/kungfu/review/codex/layer-gate-budget-macos-authoritative/product
  • detected workspace root for project using packageManager field  pm=pnpm config=pnpm@11.7.0 resolved=/Users/dkr/Worktrees/kungfu/review/codex/layer-gate-budget-macos-authoritative projectDir=/Users/dkr/Worktrees/kungfu/review/codex/layer-gate-budget-macos-authoritative/framework/gui
[first-party] wrote 10 pinned key(s) -> /Users/dkr/Worktrees/kungfu/review/codex/layer-gate-budget-macos-authoritative/framework/core/dist/kungfu/first-party.json
{
  "manifestRoot": "sha256:9a5cfbc5b5c7f79e0dc2abf0b4f2abc80467a040bbc70327aa3dd47f63ab3e6d",
  "out": "/Users/dkr/Worktrees/kungfu/review/codex/layer-gate-budget-macos-authoritative/framework/core/dist/kungfu/profile-kfd3.json",
  "profiles": [
    "kungfu.mission-control"
  ],
  "schema": "kungfu.system-profile-kfd3-build-receipt/v1",
  "verified": true
}
  • skipped dependencies rebuild  reason=npmRebuild is set to false
  • packaging       platform=darwin arch=arm64 electron=42.5.0 appOutDir=/Users/dkr/Worktrees/kungfu/review/codex/layer-gate-budget-macos-authoritative/product/dist/desktop/mac-arm64
  • using custom unpacked Electron distribution  electronDist=/Users/dkr/Worktrees/kungfu/review/codex/layer-gate-budget-macos-authoritative/node_modules/.pnpm/electron@42.5.0/node_modules/electron/dist
  • copying unpacked Electron  source=/Users/dkr/Worktrees/kungfu/review/codex/layer-gate-budget-macos-authoritative/node_modules/.pnpm/electron@42.5.0/node_modules/electron/dist/Electron.app destination=/Users/dkr/Worktrees/kungfu/review/codex/layer-gate-budget-macos-authoritative/product/dist/desktop/mac-arm64/Electron.app
  • asar usage is disabled — this is strongly not recommended  solution=enable asar and use asarUnpack to unpack files that must be externally available
  • searching for node modules  pm=pnpm searchDir=/Users/dkr/Worktrees/kungfu/review/codex/layer-gate-budget-macos-authoritative/framework/gui
  • unresolved duplicate dependency references  dependencies=["@kungfu-tech/api@link:../api","@kungfu-tech/kfx@link:../kfx","@kungfu-tech/skill@link:../skill"]
  • duplicate dependency references  dependencies=["node-pty@1.1.0","react@18.3.1","react-dom@18.3.1"]
  • cannot find path for dependency  dependencies=["@kungfu-tech/api@link:../api","@kungfu-tech/kfx@link:../kfx","@kungfu-tech/skill@link:../skill"]
  • default Electron icon is used  reason=application icon is not set
[bundle-core-audit] restored executable mode: /Users/dkr/Worktrees/kungfu/review/codex/layer-gate-budget-macos-authoritative/product/dist/desktop/mac-arm64/Kungfu Episodes.app/Contents/Resources/app/node_modules/node-pty/prebuilds/darwin-arm64/spawn-helper
[bundle-core-audit] restored executable mode: /Users/dkr/Worktrees/kungfu/review/codex/layer-gate-budget-macos-authoritative/product/dist/desktop/mac-arm64/Kungfu Episodes.app/Contents/Resources/app/node_modules/node-pty/prebuilds/darwin-x64/spawn-helper
[bundle-core-audit] ok: single kungfu runtime at /Users/dkr/Worktrees/kungfu/review/codex/layer-gate-budget-macos-authoritative/product/dist/desktop/mac-arm64/Kungfu Episodes.app/Contents/Resources/kungfu
  • asar usage is disabled — this is strongly not recommended  solution=enable asar and use asarUnpack to unpack files that must be externally available
  • skipped macOS code signing  reason=identity explicitly is set to null
  • building        target=macOS zip arch=arm64 file=/Users/dkr/Worktrees/kungfu/review/codex/layer-gate-budget-macos-authoritative/product/dist/desktop/Kungfu Episodes-4.0.0-alpha.0-arm64-mac.zip
  • building        target=DMG arch=arm64 file=/Users/dkr/Worktrees/kungfu/review/codex/layer-gate-budget-macos-authoritative/product/dist/desktop/Kungfu Episodes-4.0.0-alpha.0-arm64.dmg
  • building block map  blockMapFile=/Users/dkr/Worktrees/kungfu/review/codex/layer-gate-budget-macos-authoritative/product/dist/desktop/Kungfu Episodes-4.0.0-alpha.0-arm64.dmg.blockmap
  • building block map  blockMapFile=/Users/dkr/Worktrees/kungfu/review/codex/layer-gate-budget-macos-authoritative/product/dist/desktop/Kungfu Episodes-4.0.0-alpha.0-arm64-mac.zip.blockmap
[buildchain] info product.desktop.electron-builder.end
[buildchain] info product.desktop.release.stage.start
[product] staged desktop release files -> product/release/desktop (Kungfu Episodes-4.0.0-alpha.0-arm64-mac.zip, Kungfu Episodes-4.0.0-alpha.0-arm64-mac.zip.blockmap, Kungfu Episodes-4.0.0-alpha.0-arm64.dmg, Kungfu Episodes-4.0.0-alpha.0-arm64.dmg.blockmap, builder-debug.yml, latest-mac.yml)
[buildchain] info product.desktop.release.stage.end
[buildchain] info product.cli.archive.start
[buildchain] info product.cli.smoke.start
[product] CLI installed-layout smoke passed
[buildchain] info product.cli.smoke.end
[product] CLI archive -> product/release/cli/kungfu-episodes-cli-darwin-arm64.tar.gz
[buildchain] info product.cli.archive.end

[product] output -> product/release
[buildchain] info product.dist.end
🥋 registered build -> /Users/dkr/.cache/kungfu/product/macos-aarch64/20260714T041846Z-6afd4d121
real 372.42
user 1285.71
sys 96.93
